Datetime,Open,High,Low,Close,Vol,Adj Close,scaled_adj_close
08/07/2019,815.7000122,815.7000122,814.2999878,814.2999878,51,814.2999878,-1.428083324
09/07/2019,809.0999756,809.0999756,809.0999756,809.0999756,0,809.0999756,-1.475189248
10/07/2019,824.0999756,824.0999756,824.0999756,824.0999756,0,824.0999756,-1.339307095
11/07/2019,825,825,825,825,0,825,-1.331153944
12/07/2019,828.4000244,828.4000244,828.4000244,828.4000244,0,828.4000244,-1.300353769
15/07/2019,839.5,839.5,839.5,839.5,7,839.5,-1.199801197
16/07/2019,840.7000122,844.7000122,840.7000122,841.5,2,841.5,-1.181683576
17/07/2019,841.7000122,841.7000122,841.7000122,841.7000122,0,841.7000122,-1.179871704
18/07/2019,850,850,843.7000122,843.7000122,5,843.7000122,-1.161754083
19/07/2019,845.9000244,845.9000244,845.9000244,845.9000244,0,845.9000244,-1.14182459
22/07/2019,845.2999878,847.2999878,845.2999878,847.2999878,12,847.2999878,-1.129142588
23/07/2019,855.7999878,855.7999878,855.7999878,855.7999878,6,855.7999878,-1.052142701
24/07/2019,875.2000122,875.2000122,875.2000122,875.2000122,6,875.2000122,-0.876401562
25/07/2019,880,881,868.4000244,868.4000244,69,868.4000244,-0.938001361
26/07/2019,868.7999878,868.7999878,862.7000122,862.7000122,1,862.7000122,-0.98963669
29/07/2019,877.7000122,877.7000122,876.7999878,876.7999878,40,876.7999878,-0.861907687
30/07/2019,880.7000122,883.7999878,869.7999878,869.7999878,92,869.7999878,-0.925319358
31/07/2019,876.0999756,876.0999756,876.0999756,876.0999756,0,876.0999756,-0.868248965
01/08/2019,848.5,848.5,848.5,848.5,0,848.5,-1.118271905
02/08/2019,850.2000122,850.2000122,850.2000122,850.2000122,0,850.2000122,-1.102871817
05/08/2019,855.2000122,855.2000122,855.2000122,855.2000122,0,855.2000122,-1.057577766
06/08/2019,850.5,850.5,850.5,850.5,0,850.5,-1.100154284
07/08/2019,868.2999878,868.2999878,868.2999878,868.2999878,0,868.2999878,-0.938907574
08/08/2019,864.7999878,864.7999878,864.7999878,864.7999878,0,864.7999878,-0.970613409
09/08/2019,861.0999756,861.0999756,861.0999756,861.0999756,0,861.0999756,-1.004131118
12/08/2019,861,861,861,861,0,861,-1.005036777
13/08/2019,857,857,857,857,0,857,-1.041272018
14/08/2019,845.2999878,845.2999878,845.2999878,845.2999878,0,845.2999878,-1.147260208
15/08/2019,839.2999878,839.2999878,839.2999878,839.2999878,0,839.2999878,-1.201613069
16/08/2019,848.7999878,848.7999878,848.7999878,848.7999878,0,848.7999878,-1.115554372
19/08/2019,854.0999756,854.0999756,854.0999756,854.0999756,0,854.0999756,-1.067542789
20/08/2019,850.0999756,850.0999756,850.0999756,850.0999756,0,850.0999756,-1.10377803
21/08/2019,854.0999756,854.0999756,854.0999756,854.0999756,0,854.0999756,-1.067542789
22/08/2019,855,859.2999878,855,859.2999878,3,859.2999878,-1.020436865
23/08/2019,852.5,852.5,852.5,852.5,0,852.5,-1.082036664
26/08/2019,855,855,855,855,0,855,-1.059389639
27/08/2019,865.4000244,865.4000244,865.4000244,865.4000244,0,865.4000244,-0.965177791
28/08/2019,906.0999756,906.0999756,906.0999756,906.0999756,5,906.0999756,-0.596484659
29/08/2019,901,932.5,901,917.5,27,917.5,-0.493214002
30/08/2019,934,937.4000244,929.5999756,929.5999756,2,929.5999756,-0.38360262
03/09/2019,951.5999756,953.5999756,951.5999756,953.5999756,2,953.5999756,-0.166191175
04/09/2019,977.2000122,988.5999756,977.2000122,982.5999756,8,982.5999756,0.09651432
05/09/2019,982.5999756,982.5999756,962.0999756,962.0999756,2,962.0999756,-0.089191288
06/09/2019,956.9000244,956.9000244,956.9000244,956.9000244,0,956.9000244,-0.136296659
09/09/2019,951.0999756,951.0999756,951.0999756,951.0999756,0,951.0999756,-0.188838201
10/09/2019,935.2000122,935.2000122,935.2000122,935.2000122,0,935.2000122,-0.332872951
11/09/2019,938.7999878,938.7999878,938.7999878,938.7999878,0,938.7999878,-0.300261455
12/09/2019,951.7000122,951.7000122,951.7000122,951.7000122,0,951.7000122,-0.183402583
13/09/2019,951.2999878,951.2999878,951.2999878,951.2999878,0,951.2999878,-0.187026328
16/09/2019,938.2999878,938.2999878,938.2999878,938.2999878,0,938.2999878,-0.30479086
17/09/2019,943.2999878,943.2999878,943.2999878,943.2999878,0,943.2999878,-0.259496809
18/09/2019,933.7000122,933.7000122,933.7000122,933.7000122,0,933.7000122,-0.346461166
19/09/2019,941.5,941.5,941.5,941.5,0,941.5,-0.275802557
20/09/2019,941.7999878,941.7999878,941.7999878,941.7999878,0,941.7999878,-0.273085025
23/09/2019,952.2999878,952.2999878,952.2999878,952.2999878,0,952.2999878,-0.177967518
24/09/2019,953.7999878,953.7999878,953.7999878,953.7999878,0,953.7999878,-0.164379302
25/09/2019,926.2999878,926.2999878,926.2999878,926.2999878,0,926.2999878,-0.413496583
26/09/2019,935,935,935,935,17489,935,-0.334684823
27/09/2019,933.2999878,936.4000244,919.7000122,931,4389,931,-0.370920064
30/09/2019,934.2000122,935.2999878,880,883.4000244,216,883.4000244,-0.802119208
01/10/2019,879.5,883.5999756,873.9000244,879.5999756,38,879.5999756,-0.836543129
02/10/2019,878.7000122,888.2999878,878.7000122,888.2999878,98,888.2999878,-0.75773137
03/10/2019,887.5,897,887.5,889,27,889,-0.751390092
04/10/2019,881.7000122,881.7000122,881.7000122,881.7000122,1,881.7000122,-0.817519296
07/10/2019,883.2000122,883.2000122,883.2000122,883.2000122,0,883.2000122,-0.803931081
08/10/2019,890,890.0999756,885.2999878,885.2999878,9,885.2999878,-0.7849078
09/10/2019,891.9000244,891.9000244,891.9000244,891.9000244,0,891.9000244,-0.725119321
10/10/2019,903.0999756,903.0999756,903.0999756,903.0999756,5,903.0999756,-0.62366109
11/10/2019,895.5,895.5,895.5,895.5,0,895.5,-0.692507826
14/10/2019,894.5999756,894.5999756,894.5999756,894.5999756,0,894.5999756,-0.700660976
15/10/2019,884.4000244,884.4000244,884.4000244,884.4000244,0,884.4000244,-0.793060398
16/10/2019,879.2999878,886.5,879,886.5,3,886.5,-0.774037118
17/10/2019,889,889,889,889,0,889,-0.751390092
18/10/2019,887.2000122,893.4000244,887.2000122,892.2999878,13,892.2999878,-0.721496129
21/10/2019,896.2000122,896.2000122,888.5,888.5,3,888.5,-0.755919497
22/10/2019,892.2999878,892.2999878,892.2999878,892.2999878,0,892.2999878,-0.721496129
23/10/2019,916,918.4000244,916,918.4000244,2,918.4000244,-0.485060851
24/10/2019,924.7000122,924.7000122,921.5999756,921.5999756,1,921.5999756,-0.456073101
25/10/2019,929.0999756,929.0999756,929.0999756,929.0999756,0,929.0999756,-0.388132025
28/10/2019,929,931.7999878,914.7000122,914.7000122,2,914.7000122,-0.51857856
29/10/2019,920.7000122,920.7000122,920.7000122,920.7000122,15,920.7000122,-0.464225699
30/10/2019,926.5999756,926.5999756,923,926.5999756,10,926.5999756,-0.41077905
31/10/2019,930,930,930,930,0,930,-0.379978874
01/11/2019,950.2999878,950.2999878,950.2999878,950.2999878,0,950.2999878,-0.196085138
04/11/2019,935.0999756,935.0999756,935.0999756,935.0999756,0,935.0999756,-0.333779164
05/11/2019,926.7999878,926.7999878,926.7999878,926.7999878,0,926.7999878,-0.408967178
06/11/2019,928.2999878,928.2999878,928.2999878,928.2999878,0,928.2999878,-0.395378962
07/11/2019,910.5999756,910.5999756,910.5999756,910.5999756,0,910.5999756,-0.555720013
08/11/2019,889.4000244,889.4000244,889.4000244,889.4000244,0,889.4000244,-0.747766347
11/11/2019,877.2999878,877.2999878,877.2999878,877.2999878,0,877.2999878,-0.857378282
12/11/2019,866.5999756,866.5999756,866.5999756,866.5999756,0,866.5999756,-0.954307662
13/11/2019,871.5,871.5,871.5,871.5,0,871.5,-0.90991927
14/11/2019,879.7999878,879.7999878,879.7999878,879.7999878,0,879.7999878,-0.834731256
15/11/2019,891.5,891.5,891.5,891.5,0,891.5,-0.728743067
18/11/2019,892.2000122,892.2000122,892.2000122,892.2000122,0,892.2000122,-0.722401789
19/11/2019,909.0999756,909.0999756,909.0999756,909.0999756,0,909.0999756,-0.569308228
20/11/2019,917.2000122,917.2000122,917.2000122,917.2000122,0,917.2000122,-0.495931534
21/11/2019,914.7000122,914.7000122,914.7000122,914.7000122,0,914.7000122,-0.51857856
22/11/2019,889.7999878,889.7999878,889.7999878,889.7999878,0,889.7999878,-0.744143155
25/11/2019,897.5,897.5,897.5,897.5,0,897.5,-0.674390206
26/11/2019,908.7999878,908.7999878,908.7999878,908.7999878,14,908.7999878,-0.572025761
29/11/2019,897.9000244,897.9000244,897.9000244,897.9000244,0,897.9000244,-0.67076646
02/12/2019,897.2999878,897.2999878,897.2999878,897.2999878,0,897.2999878,-0.676202078
03/12/2019,909.2000122,909.2000122,909.2000122,909.2000122,0,909.2000122,-0.568402016
04/12/2019,899.5,899.5,899.5,899.5,0,899.5,-0.656272585
05/12/2019,898.5,898.5,898.5,898.5,0,898.5,-0.665331395
06/12/2019,896.7999878,896.7999878,896.7999878,896.7999878,0,896.7999878,-0.680731483
09/12/2019,896.4000244,896.4000244,896.4000244,896.4000244,0,896.4000244,-0.684354676
10/12/2019,920.5,920.5,920.5,920.5,0,920.5,-0.466037571
11/12/2019,937.4000244,937.4000244,937.4000244,937.4000244,0,937.4000244,-0.312943458
12/12/2019,942.7000122,942.7000122,942.7000122,942.7000122,0,942.7000122,-0.264931874
13/12/2019,926.7000122,926.7000122,926.7000122,926.7000122,0,926.7000122,-0.409872837
16/12/2019,929.2999878,929.2999878,929.2999878,929.2999878,0,929.2999878,-0.386320152
17/12/2019,927.7999878,927.7999878,927.7999878,927.7999878,0,927.7999878,-0.399908367
18/12/2019,933.7000122,933.7000122,933.7000122,933.7000122,0,933.7000122,-0.346461166
19/12/2019,933.5,933.5,933.5,933.5,0,933.5,-0.348273039
20/12/2019,933.5,933.5999756,912.0999756,912.0999756,4,912.0999756,-0.542131798
23/12/2019,936.7000122,936.7000122,936.7000122,936.7000122,0,936.7000122,-0.319284735
24/12/2019,941.2999878,941.2999878,941.2999878,941.2999878,0,941.2999878,-0.27761443
26/12/2019,952.0999756,952.0999756,952.0999756,952.0999756,0,952.0999756,-0.17977939
27/12/2019,949.2999878,949.2999878,949.2999878,949.2999878,11063,949.2999878,-0.205143948
30/12/2019,947.2000122,960.5999756,945.5999756,957.7000122,2110,957.7000122,-0.129049722
31/12/2019,959.7999878,981.0999756,959.7999878,971.4000244,109,971.4000244,-0.004943911
02/01/2020,985,990,978.5999756,978.5999756,2,978.5999756,0.06027908
03/01/2020,986.5,987.2000122,980.5999756,984.5,32,984.5,0.113726281
06/01/2020,985.7999878,985.7999878,960,960.4000244,65,960.4000244,-0.104590823
07/01/2020,965.2999878,973,959.9000244,966,55,966,-0.053861708
08/01/2020,968.9000244,968.9000244,956,959,23,959,-0.117273379
09/01/2020,967.0999756,967.0999756,967.0999756,967.0999756,0,967.0999756,-0.043897237
10/01/2020,972,981.5,972,981.2000122,12,981.2000122,0.083832318
13/01/2020,978.7999878,978.7999878,970.0999756,977.2999878,6,977.2999878,0.048502737
14/01/2020,982.2000122,982.2000122,981.5,982.2000122,9,982.2000122,0.092891128
15/01/2020,993.4000244,1020.400024,993.4000244,1020.400024,1,1020.400024,0.438937788
16/01/2020,1035,1035,995.7000122,995.7000122,62,995.7000122,0.215185066
17/01/2020,1016.400024,1019.400024,1013.299988,1019.400024,2,1019.400024,0.429878978
21/01/2020,1002,1002,1002,1002,0,1002,0.272255459
22/01/2020,1015.799988,1015.799988,1015.799988,1015.799988,0,1015.799988,0.397266929
23/01/2020,1001.700012,1001.700012,1001.700012,1001.700012,0,1001.700012,0.269537927
24/01/2020,1005.200012,1005.200012,1005.200012,1005.200012,0,1005.200012,0.301243763
27/01/2020,985.9000244,985.9000244,984.2999878,985.9000244,20,985.9000244,0.126408836
28/01/2020,990.0999756,990.0999756,990.0999756,990.0999756,0,990.0999756,0.164455397
29/01/2020,968.5999756,968.5999756,968.5999756,968.5999756,3,968.5999756,-0.030309022
30/01/2020,973.7000122,977.0999756,973.7000122,977.0999756,4,977.0999756,0.046690864
31/01/2020,959.2000122,959.2000122,959.2000122,959.2000122,0,959.2000122,-0.115461506
03/02/2020,968,968,968,968,0,968,-0.035744087
04/02/2020,963.4000244,963.4000244,963.4000244,963.4000244,0,963.4000244,-0.077414393
05/02/2020,984.4000244,984.4000244,984.4000244,984.4000244,0,984.4000244,0.112820621
06/02/2020,964.7000122,964.7000122,964.7000122,964.7000122,0,964.7000122,-0.06563805
07/02/2020,966.5999756,966.5999756,966.5999756,966.5999756,0,966.5999756,-0.048426643
10/02/2020,964.2999878,964.2999878,964.2999878,964.2999878,0,964.2999878,-0.069261795
11/02/2020,970.9000244,970.9000244,970.9000244,970.9000244,0,970.9000244,-0.009473316
12/02/2020,964.5,964.5,964.5,964.5,0,964.5,-0.067449923
13/02/2020,971.9000244,971.9000244,971.9000244,971.9000244,0,971.9000244,-0.000414506
14/02/2020,966,966,966,966,0,966,-0.053861708
18/02/2020,991.2999878,991.2999878,991.2999878,991.2999878,0,991.2999878,0.17532608
19/02/2020,1001.700012,1001.700012,1001.700012,1001.700012,0,1001.700012,0.269537927
20/02/2020,976.2000122,976.2000122,976.2000122,976.2000122,0,976.2000122,0.038538267
21/02/2020,973.4000244,973.4000244,973.4000244,973.4000244,6,973.4000244,0.013173709
24/02/2020,971.7000122,971.7000122,971.7000122,971.7000122,0,971.7000122,-0.002226379
25/02/2020,929.7999878,929.7999878,929.7999878,929.7999878,4,929.7999878,-0.381790747
26/02/2020,912.2999878,912.2999878,912.2999878,912.2999878,9,912.2999878,-0.540319925
27/02/2020,903.5999756,903.5999756,903.5999756,903.5999756,0,903.5999756,-0.619131685
28/02/2020,862.7999878,862.7999878,862.7999878,862.7999878,0,862.7999878,-0.98873103
02/03/2020,858.2999878,858.2999878,858.2999878,858.2999878,2,858.2999878,-1.029495676
03/03/2020,868.2000122,868.2000122,868.2000122,868.2000122,0,868.2000122,-0.939813234
04/03/2020,874.0999756,874.0999756,874.0999756,874.0999756,0,874.0999756,-0.886366585
05/03/2020,864.5999756,864.5999756,864.5999756,864.5999756,0,864.5999756,-0.972425282
06/03/2020,895.2999878,895.2999878,895.2999878,895.2999878,0,895.2999878,-0.694319699
09/03/2020,861.7000122,861.7000122,861.7000122,861.7000122,0,861.7000122,-0.9986955
10/03/2020,868.5,868.5,868.5,868.5,0,868.5,-0.937095701
11/03/2020,867.2999878,867.2999878,867.2999878,867.2999878,0,867.2999878,-0.947966384
12/03/2020,780.9000244,780.9000244,780.9000244,780.9000244,0,780.9000244,-1.730647253
13/03/2020,743,743,743,743,0,743,-2.07397638
16/03/2020,656.7000122,656.7000122,656.7000122,656.7000122,0,656.7000122,-2.855751589
17/03/2020,664.4000244,664.4000244,664.4000244,664.4000244,0,664.4000244,-2.78599864
18/03/2020,604.0999756,604.0999756,604.0999756,604.0999756,0,604.0999756,-3.332245336
19/03/2020,595.9000244,595.9000244,595.9000244,595.9000244,0,595.9000244,-3.406527138
20/03/2020,621.5999756,621.5999756,621.5999756,621.5999756,0,621.5999756,-3.173716158
23/03/2020,617.4000244,627.5,609.2000122,627.5,48,627.5,-3.120268957
24/03/2020,701.7000122,701.7000122,701.7000122,701.7000122,0,701.7000122,-2.44810513
25/03/2020,745.5,745.5,745.5,745.5,12,745.5,-2.051329354
26/03/2020,737,737,737,737,0,737,-2.128329241
27/03/2020,732.2999878,740,732.2999878,740,4971,740,-2.10115281
30/03/2020,739.0999756,742.2000122,709.7000122,723.9000244,1529,723.9000244,-2.246999433
31/03/2020,717.7000122,724.4000244,713.0999756,724.4000244,69,724.4000244,-2.242470028
01/04/2020,717,721.9000244,708.9000244,712.2999878,14,712.2999878,-2.352081963
02/04/2020,721,726,721,726,4,726,-2.227976153
03/04/2020,721.7999878,722,714.0999756,714.0999756,6,714.0999756,-2.335776216
06/04/2020,720.7999878,728,719.5,728,6,728,-2.209858533
07/04/2020,741,741,741,741,0,741,-2.092094
08/04/2020,729.5999756,731.2999878,729.5999756,729.5999756,2,729.5999756,-2.195364658
09/04/2020,738.4000244,744.5999756,738.4000244,744.5999756,1,744.5999756,-2.059482505
13/04/2020,745.7999878,745.7999878,745.7999878,745.7999878,3,745.7999878,-2.048611822
14/04/2020,764.5999756,815.7000122,764.5999756,815.7000122,21,815.7000122,-1.415400769
15/04/2020,800.5999756,800.5999756,800.5999756,800.5999756,0,800.5999756,-1.552189134
16/04/2020,789.2999878,803.5999756,789.2999878,789.2999878,2,789.2999878,-1.654553579
17/04/2020,781.2999878,781.2999878,781.2999878,781.2999878,0,781.2999878,-1.72702406
20/04/2020,792,792,792,792,0,792,-1.630094681
21/04/2020,758,758,758,758,0,758,-1.938094227
22/04/2020,764.9000244,764.9000244,764.9000244,764.9000244,1,764.9000244,-1.875588216
23/04/2020,787.5999756,787.5999756,787.5999756,787.5999756,0,787.5999756,-1.669953667
24/04/2020,773.4000244,773.4000244,773.4000244,773.4000244,0,773.4000244,-1.798588329
27/04/2020,776.5999756,776.5999756,776.5999756,776.5999756,0,776.5999756,-1.769600579
28/04/2020,792,792,792,792,4,792,-1.630094681
29/04/2020,795.4000244,795.4000244,795.4000244,795.4000244,2,795.4000244,-1.599294505
30/04/2020,807.5999756,809.5,807.5999756,809.5,1,809.5,-1.471565502
01/05/2020,769.9000244,769.9000244,769.9000244,769.9000244,0,769.9000244,-1.830294165
04/05/2020,774.2000122,774.2000122,774.2000122,774.2000122,2,774.2000122,-1.791341391
05/05/2020,780.0999756,780.0999756,780.0999756,780.0999756,0,780.0999756,-1.737894743
06/05/2020,760.9000244,760.9000244,760.9000244,760.9000244,0,760.9000244,-1.911823456
07/05/2020,777.5,777.5,777.5,777.5,0,777.5,-1.761447428
08/05/2020,784.7000122,784.7000122,784.7000122,784.7000122,0,784.7000122,-1.696223884
11/05/2020,776.7000122,776.7000122,776.7000122,776.7000122,0,776.7000122,-1.768694366
12/05/2020,772.7999878,772.7999878,772.7999878,772.7999878,0,772.7999878,-1.804023947
13/05/2020,765.2000122,765.2000122,765.2000122,765.2000122,0,765.2000122,-1.872870683
14/05/2020,770.4000244,770.4000244,770.4000244,770.4000244,0,770.4000244,-1.82576476
15/05/2020,812.5,812.5,812.5,812.5,0,812.5,-1.444389072
18/05/2020,864.7000122,864.7000122,864.7000122,864.7000122,0,864.7000122,-0.971519069
19/05/2020,885,885,885,885,0,885,-0.787625333
20/05/2020,929.9000244,929.9000244,929.9000244,929.9000244,40,929.9000244,-0.380884534
21/05/2020,861.9000244,861.9000244,861.9000244,861.9000244,0,861.9000244,-0.996883627
22/05/2020,881.7000122,881.7000122,881.7000122,881.7000122,0,881.7000122,-0.817519296
26/05/2020,868.7000122,868.7000122,868.7000122,868.7000122,0,868.7000122,-0.935283828
27/05/2020,873.5,873.5,873.5,873.5,1,873.5,-0.89180165
28/05/2020,867.7000122,867.7000122,864,864,1,864,-0.977860347
29/05/2020,870.5,870.5,870.5,870.5,0,870.5,-0.918978081
01/06/2020,897,897,897,897,0,897,-0.678919611
02/06/2020,864.5999756,864.5999756,864.5999756,864.5999756,0,864.5999756,-0.972425282
03/06/2020,857.7999878,857.7999878,857.7999878,857.7999878,0,857.7999878,-1.034025081
04/06/2020,862.7999878,862.7999878,862.7999878,862.7999878,0,862.7999878,-0.98873103
05/06/2020,830.0999756,830.0999756,830.0999756,830.0999756,0,830.0999756,-1.284954234
08/06/2020,860.7000122,860.7000122,860.7000122,860.7000122,0,860.7000122,-1.00775431
09/06/2020,862.2999878,862.2999878,862.2999878,862.2999878,10,862.2999878,-0.993260435
10/06/2020,849.5,849.5,849.5,849.5,49,849.5,-1.109213095
11/06/2020,826.0999756,826.0999756,826.0999756,826.0999756,0,826.0999756,-1.321189474
12/06/2020,820.5999756,820.5999756,820.5999756,820.5999756,0,820.5999756,-1.37101293
15/06/2020,823.2999878,823.2999878,823.2999878,823.2999878,0,823.2999878,-1.346554032
16/06/2020,845.5,845.5,845.5,845.5,1,845.5,-1.145448335
17/06/2020,839.7999878,839.7999878,839.7999878,839.7999878,0,839.7999878,-1.197083664
18/06/2020,813.7999878,813.7999878,813.7999878,813.7999878,0,813.7999878,-1.432612729
19/06/2020,828.9000244,828.9000244,828.9000244,828.9000244,0,828.9000244,-1.295824363
22/06/2020,845.2999878,845.2999878,845.2999878,845.2999878,0,845.2999878,-1.147260208
23/06/2020,847.5999756,847.5999756,847.5999756,847.5999756,0,847.5999756,-1.126425055
24/06/2020,805.7999878,805.7999878,805.7999878,805.7999878,0,805.7999878,-1.505083211
25/06/2020,803.9000244,803.9000244,803.9000244,803.9000244,0,803.9000244,-1.522294618
26/06/2020,811.0999756,811.0999756,811.0999756,811.0999756,5109,811.0999756,-1.457071627
29/06/2020,807.5,819,805.4000244,816.7999878,1851,816.7999878,-1.405436298
30/06/2020,819.5,843.5,816.2999878,840.7000122,171,840.7000122,-1.188930514
01/07/2020,845,845,817.9000244,825.2999878,38,825.2999878,-1.328436412
02/07/2020,828,829.2000122,817.7999878,822.5,8,822.5,-1.35380097
06/07/2020,820,840,820,827.7999878,67,827.7999878,-1.305789386
07/07/2020,835.7999878,853.7999878,830.4000244,853.7999878,106,853.7999878,-1.070260321
08/07/2020,851.5999756,874,851.5999756,874,105,874,-0.887272245
09/07/2020,874.9000244,881.2000122,834,836.5999756,102,836.5999756,-1.226071967
10/07/2020,844.5,845,836.5999756,836.5999756,17,836.5999756,-1.226071967
13/07/2020,836.7999878,859,836.7999878,854.0999756,17,854.0999756,-1.067542789
14/07/2020,841.2000122,842.5999756,817.5,828.2000122,20,828.2000122,-1.302165641
15/07/2020,834.2999878,838.7000122,832,835,25,835,-1.240565842
16/07/2020,838.2999878,839,828.7999878,828.7999878,5,828.7999878,-1.296730576
17/07/2020,824.0999756,843.7999878,824.0999756,841.9000244,12,841.9000244,-1.178059831
20/07/2020,847,850.7000122,847,850.7000122,8,850.7000122,-1.098342412
21/07/2020,863.2000122,911.4000244,863.2000122,911.4000244,103,911.4000244,-0.548472523
22/07/2020,920,949.2999878,900.5,949.2999878,69,949.2999878,-0.205143948
23/07/2020,949.5999756,964,939.5,955.0999756,123,955.0999756,-0.15260296
24/07/2020,939.7999878,949.0999756,939.7999878,947.9000244,15,947.9000244,-0.217825951
27/07/2020,951.7000122,965.5999756,951.7000122,958.5999756,5,958.5999756,-0.120897124
28/07/2020,954.5999756,979.4000244,942.9000244,977.9000244,143,977.9000244,0.053938355
29/07/2020,950.5999756,950.5999756,950.5999756,950.5999756,0,950.5999756,-0.193367606
30/07/2020,905.9000244,905.9000244,905.9000244,905.9000244,0,905.9000244,-0.598295979
31/07/2020,912.2000122,912.2000122,912.2000122,912.2000122,0,912.2000122,-0.541225585
03/08/2020,924.9000244,924.9000244,924.9000244,924.9000244,9,924.9000244,-0.426178585
04/08/2020,949.0999756,949.0999756,949.0999756,949.0999756,9,949.0999756,-0.206955821
05/08/2020,976.9000244,983.4000244,976.9000244,983.4000244,2,983.4000244,0.103761811
06/08/2020,1002.400024,1009.599976,993.7999878,1009.599976,16,1009.599976,0.341102196
07/08/2020,965.0999756,965.0999756,965.0999756,965.0999756,0,965.0999756,-0.062014858
10/08/2020,997.5,997.5,997.5,997.5,0,997.5,0.231490813
11/08/2020,966.5999756,966.5999756,966.5999756,966.5999756,0,966.5999756,-0.048426643
12/08/2020,954.4000244,954.4000244,954.4000244,954.4000244,0,954.4000244,-0.158943685
13/08/2020,978.0999756,978.0999756,978.0999756,978.0999756,0,978.0999756,0.055749675
14/08/2020,954.4000244,954.4000244,954.4000244,954.4000244,0,954.4000244,-0.158943685
17/08/2020,963.2999878,963.2999878,963.2999878,963.2999878,0,963.2999878,-0.078320606
18/08/2020,971.0999756,971.0999756,971.0999756,971.0999756,0,971.0999756,-0.007661997
19/08/2020,952,952,952,952,0,952,-0.18068505
20/08/2020,923.0999756,923.0999756,923.0999756,923.0999756,0,923.0999756,-0.442484886
21/08/2020,922.2999878,922.2999878,922.2999878,922.2999878,0,922.2999878,-0.449731823
24/08/2020,920.7999878,920.7999878,920.7999878,920.7999878,0,920.7999878,-0.463320039
25/08/2020,930.5999756,930.5999756,930.5999756,930.5999756,0,930.5999756,-0.374543809
26/08/2020,936.4000244,936.4000244,936.4000244,936.4000244,1,936.4000244,-0.322002268
27/08/2020,925.5999756,925.5999756,925.5999756,925.5999756,0,925.5999756,-0.41983786
28/08/2020,937.5,937.5,937.5,937.5,0,937.5,-0.312037798
31/08/2020,935.5999756,940.5999756,931.2999878,935.7000122,31,935.7000122,-0.328343546
01/09/2020,950.5,950.5,950.5,950.5,0,950.5,-0.194273265
02/09/2020,917.7999878,917.7999878,902,902,2,902,-0.63362556
03/09/2020,907.5999756,907.5999756,887.5999756,887.5999756,17,887.5999756,-0.764072648
04/09/2020,896.2999878,896.2999878,896.2999878,896.2999878,17,896.2999878,-0.685260888
08/09/2020,908.4000244,908.4000244,908.4000244,908.4000244,17,908.4000244,-0.575648953
09/09/2020,923.0999756,923.0999756,923.0999756,923.0999756,17,923.0999756,-0.442484886
10/09/2020,939.4000244,939.4000244,939.4000244,939.4000244,17,939.4000244,-0.294825837
11/09/2020,938,938,938,938,17,938,-0.307508393
14/09/2020,957.0999756,957.0999756,957.0999756,957.0999756,17,957.0999756,-0.134485339
15/09/2020,980.7999878,980.7999878,980.7999878,980.7999878,21,980.7999878,0.080208573
16/09/2020,972.2999878,972.2999878,972.2999878,972.2999878,4,972.2999878,0.003208686
17/09/2020,930,930,930,930,4,930,-0.379978874
18/09/2020,937.5,937.5,937.5,937.5,4,937.5,-0.312037798
21/09/2020,875.0999756,875.0999756,875.0999756,875.0999756,4,875.0999756,-0.877307775
22/09/2020,880.5,880.5,856.5,856.5,4,856.5,-1.045801423
23/09/2020,842.2999878,842.2999878,842.2999878,842.2999878,4,842.2999878,-1.174436639
24/09/2020,837.0999756,837.0999756,837.0999756,837.0999756,4,837.0999756,-1.221542562
25/09/2020,841.0999756,841.0999756,841.0999756,841.0999756,4,841.0999756,-1.185307321
28/09/2020,881.9000244,881.9000244,881.9000244,881.9000244,6528,881.9000244,-0.815707423
29/09/2020,880.0999756,889.2000122,871.5,887.5,2922,887.5,-0.764978307
30/09/2020,884,904.4000244,866,901,204,901,-0.64268437
01/10/2020,896,908.4000244,894.5999756,898.2000122,105,898.2000122,-0.668048928
02/10/2020,890.0999756,890.4000244,880.9000244,883.4000244,137,883.4000244,-0.802119208
05/10/2020,880.7000122,905.5,875.4000244,897.2000122,51,897.2000122,-0.677107738
06/10/2020,900,900,856.7000122,863.9000244,89,863.9000244,-0.978766007
07/10/2020,859.5,869.2000122,854.4000244,861.2000122,176,861.2000122,-1.003224905
08/10/2020,863.5,863.5,857.4000244,858.2000122,12,858.2000122,-1.030401335
09/10/2020,870,892.5,870,887.9000244,133,887.9000244,-0.761354562
12/10/2020,884,888,870,870,12,870,-0.923507486
13/10/2020,870,874.4000244,861.5,867.2000122,99,867.2000122,-0.948872044
14/10/2020,875.2000122,875.2000122,853.5999756,858.0999756,79,858.0999756,-1.031307548
15/10/2020,852,856.2999878,849.2999878,856.2999878,178,856.2999878,-1.047613296
16/10/2020,856.4000244,868.2000122,853.5,864.2999878,22,864.2999878,-0.975142814
19/10/2020,863.0999756,873.5999756,851.7000122,858.5999756,58,858.5999756,-1.026778143
20/10/2020,851.0999756,872.4000244,848.4000244,872.4000244,51,872.4000244,-0.90176612
21/10/2020,889.0999756,889.0999756,887.5999756,889.0999756,18,889.0999756,-0.750484432
22/10/2020,879,879,879,879,0,879,-0.841978194
23/10/2020,915.5,918.5,901.7000122,901.7000122,31,901.7000122,-0.636343092
26/10/2020,872.9000244,872.9000244,872.5,872.5,4,872.5,-0.90086046
27/10/2020,881.4000244,884.5,879.2999878,882.0999756,120,882.0999756,-0.813896104
28/10/2020,854.7000122,870.2999878,854.7000122,870.2999878,15,870.2999878,-0.920789953
29/10/2020,871,871,845.4000244,845.4000244,90,845.4000244,-1.146353995
30/10/2020,842.7999878,845.7999878,840.2999878,844.5999756,32,844.5999756,-1.153601486
02/11/2020,844.5,855.7999878,843.9000244,855.7999878,45,855.7999878,-1.052142701
03/11/2020,868.0999756,871.4000244,868.0999756,871.4000244,4,871.4000244,-0.91082493
04/11/2020,849.5,866.7000122,849,866.7000122,14,866.7000122,-0.953401449
05/11/2020,896.7999878,896.7999878,896.7999878,896.7999878,0,896.7999878,-0.680731483
06/11/2020,891,896,890,896,4,896,-0.687978421
09/11/2020,884.4000244,884.4000244,847.5,864.5999756,46,864.5999756,-0.972425282
10/11/2020,890,890,890,890,0,890,-0.742331282
11/11/2020,870,870,865.0999756,865.0999756,2,865.0999756,-0.967895877
12/11/2020,881.0999756,881.0999756,881.0999756,881.0999756,2,881.0999756,-0.822954914
13/11/2020,893.4000244,893.4000244,893.4000244,893.4000244,2,893.4000244,-0.711531106
16/11/2020,925,925,925,925,2,925,-0.425272925
17/11/2020,934.5999756,934.5999756,934.5999756,934.5999756,2,934.5999756,-0.338308569
18/11/2020,946.7000122,946.7000122,946.7000122,946.7000122,135,946.7000122,-0.228696634
19/11/2020,948.2000122,948.2000122,948.2000122,948.2000122,112,948.2000122,-0.215108418
20/11/2020,954.0999756,954.0999756,954.0999756,954.0999756,112,954.0999756,-0.16166177
23/11/2020,929.0999756,929.0999756,929.0999756,929.0999756,112,929.0999756,-0.388132025
24/11/2020,955.7000122,955.7000122,955.7000122,955.7000122,112,955.7000122,-0.147167342
25/11/2020,967.2999878,967.2999878,967.2999878,967.2999878,5,967.2999878,-0.042085365
27/11/2020,963,963,963,963,1,963,-0.081038138
30/11/2020,964.0999756,964.0999756,964.0999756,964.0999756,0,964.0999756,-0.071073668
01/12/2020,1002.200012,1002.200012,1002.200012,1002.200012,30,1002.200012,0.274067332
02/12/2020,1010.400024,1010.400024,1010.400024,1010.400024,0,1010.400024,0.348349686
03/12/2020,1037,1037,1037,1037,1,1037,0.589313816
04/12/2020,1071.199951,1071.199951,1071.199951,1071.199951,1,1071.199951,0.899124682
07/12/2020,1047.199951,1047.199951,1047.199951,1047.199951,69,1047.199951,0.681713238
08/12/2020,1035,1035,1035,1035,59,1035,0.571196196
09/12/2020,1016.900024,1016.900024,1016.900024,1016.900024,22,1016.900024,0.407231952
10/12/2020,1026.199951,1026.199951,1026.199951,1026.199951,22,1026.199951,0.491478224
11/12/2020,1020.599976,1020.599976,1020.599976,1020.599976,22,1020.599976,0.440749108
14/12/2020,1014.400024,1014.400024,1014.400024,1014.400024,22,1014.400024,0.384584927
15/12/2020,1038.099976,1038.099976,1038.099976,1038.099976,22,1038.099976,0.599278286
16/12/2020,1034.199951,1034.199951,1034.199951,1034.199951,22,1034.199951,0.563948705
17/12/2020,1048.900024,1048.900024,1048.900024,1048.900024,22,1048.900024,0.697113878
18/12/2020,1040.400024,1041.900024,1040.400024,1041.900024,2,1041.900024,0.633702207
21/12/2020,1015,1015,1015,1015,2,1015,0.390019992
22/12/2020,1008.5,1008.5,1008.5,1008.5,2,1008.5,0.331137726
23/12/2020,1016.200012,1016.200012,1016.200012,1016.200012,2,1016.200012,0.400890675
24/12/2020,1028,1028,1028,1028,2,1028,0.507784524
28/12/2020,1042.199951,1042.199951,1042.199951,1042.199951,2,1042.199951,0.636419187
29/12/2020,1055.699951,1055.699951,1055.699951,1055.699951,4985,1055.699951,0.758713124
30/12/2020,1058.5,1075.199951,1053.800049,1072.599976,1186,1072.599976,0.911807238
31/12/2020,1069.800049,1082.800049,1069.800049,1075.400024,161,1075.400024,0.937172348
04/01/2021,1085.400024,1117.5,1052.300049,1066,293,1066,0.852019312
05/01/2021,1074.800049,1115.300049,1066.199951,1114.699951,225,1114.699951,1.293182925
06/01/2021,1108,1115,1098,1105.699951,385,1105.699951,1.211653634
07/01/2021,1098.599976,1125.300049,1094,1119.699951,101,1119.699951,1.338476976
08/01/2021,1109,1117,1065.699951,1065.699951,53,1065.699951,0.849301226
11/01/2021,1044.800049,1045.599976,1039.599976,1039.599976,17,1039.599976,0.612866501
12/01/2021,1063.599976,1067.699951,1049.400024,1062.900024,5,1062.900024,0.823937221
13/01/2021,1105.900024,1105.900024,1105.900024,1105.900024,12,1105.900024,1.213466059
14/01/2021,1121.599976,1121.599976,1121.599976,1121.599976,0,1121.599976,1.355688937
15/01/2021,1115.599976,1116.099976,1078.900024,1085.699951,26,1085.699951,1.03047743
19/01/2021,1083,1088.400024,1083,1088.400024,11,1088.400024,1.054936881
20/01/2021,1112.900024,1113.199951,1112,1112.800049,6,1112.800049,1.275972071
21/01/2021,1124.199951,1128.5,1124.199951,1124.199951,2,1124.199951,1.379241622
22/01/2021,1127.199951,1127.199951,1108.199951,1108.199951,1,1108.199951,1.234300659
25/01/2021,1107,1113.300049,1101.199951,1101.199951,12,1101.199951,1.170888988
26/01/2021,1103.800049,1103.800049,1103.800049,1103.800049,1,1103.800049,1.194442779
27/01/2021,1075.5,1075.5,1075.5,1075.5,0,1075.5,0.938078008
01/02/2021,1092.900024,1135.5,1092.900024,1135.5,4,1135.5,1.48160662
02/02/2021,1092.699951,1092.699951,1092.699951,1092.699951,0,1092.699951,1.093889101
03/02/2021,1111.599976,1111.599976,1111.599976,1111.599976,50,1111.599976,1.265100835
04/02/2021,1100.099976,1100.099976,1100.099976,1100.099976,0,1100.099976,1.160924518
05/02/2021,1130.300049,1130.300049,1130.300049,1130.300049,0,1130.300049,1.434501249
08/02/2021,1172.400024,1172.400024,1172.400024,1172.400024,0,1172.400024,1.815876937
09/02/2021,1191.400024,1191.400024,1191.400024,1191.400024,450,1191.400024,1.987994331
10/02/2021,1244.199951,1244.199951,1244.199951,1244.199951,450,1244.199951,2.466298845
11/02/2021,1250.699951,1250.699951,1244.400024,1244.400024,3,1244.400024,2.468111271
12/02/2021,1256.400024,1256.400024,1256.400024,1256.400024,3,1256.400024,2.576816993
16/02/2021,1277,1277,1277,1277,3,1277,2.763428262
17/02/2021,1255.300049,1255.300049,1255.300049,1255.300049,3,1255.300049,2.566852523
18/02/2021,1272.400024,1272.400024,1272.400024,1272.400024,3,1272.400024,2.721757956
19/02/2021,1290.599976,1290.599976,1290.599976,1290.599976,3,1290.599976,2.886627859
22/02/2021,1280,1280,1280,1280,3,1280,2.790604692
23/02/2021,1237.400024,1237.400024,1237.400024,1237.400024,3,1237.400024,2.404699599
24/02/2021,1255.599976,1255.599976,1255.599976,1255.599976,3,1255.599976,2.569569502
01/03/2021,1189.599976,1189.599976,1189.599976,1189.599976,64,1189.599976,1.97168803
02/03/2021,1212.699951,1212.699951,1212.699951,1212.699951,64,1212.699951,2.180946324
03/03/2021,1180.400024,1180.400024,1180.400024,1180.400024,81,1180.400024,1.888347418
04/03/2021,1134.199951,1134.199951,1134.199951,1134.199951,81,1134.199951,1.469829724
05/03/2021,1127.099976,1127.099976,1127.099976,1127.099976,81,1127.099976,1.405512393
08/03/2021,1151.099976,1151.099976,1151.099976,1151.099976,81,1151.099976,1.622923838
09/03/2021,1174.199951,1174.199951,1174.199951,1174.199951,81,1174.199951,1.832182132
10/03/2021,1188,1200.599976,1188,1200.599976,2,1200.599976,2.071334942
11/03/2021,1201.099976,1201.099976,1201.099976,1201.099976,0,1201.099976,2.075864347
12/03/2021,1199.099976,1204.199951,1199.099976,1199.099976,2,1199.099976,2.057746727
15/03/2021,1208.300049,1208.300049,1208.300049,1208.300049,271,1208.300049,2.141088444
16/03/2021,1217.900024,1217.900024,1217.099976,1217.900024,50,1217.900024,2.228052801
17/03/2021,1198.099976,1198.099976,1198.099976,1198.099976,0,1198.099976,2.048687916
18/03/2021,1216.199951,1216.199951,1216.199951,1216.199951,50,1216.199951,2.21265216
19/03/2021,1198.900024,1198.900024,1198.900024,1198.900024,50,1198.900024,2.055935407
22/03/2021,1182.800049,1182.800049,1182.800049,1182.800049,18,1182.800049,1.910088784
23/03/2021,1176.5,1176.5,1170.5,1173.800049,4,1173.800049,1.828559492
24/03/2021,1179.599976,1179.599976,1179.599976,1179.599976,4,1179.599976,1.881099928
25/03/2021,1153.699951,1153.699951,1153.699951,1153.699951,4,1153.699951,1.646476523
26/03/2021,1177.5,1177.5,1177.5,1177.5,4,1177.5,1.862076648
29/03/2021,1181.300049,1181.300049,1181.300049,1181.300049,108,1181.300049,1.896500569
01/04/2021,1188.400024,1211.800049,1185,1206.199951,71,1206.199951,2.122064058
05/04/2021,1212.800049,1222.900024,1206.699951,1207,13,1207,2.129311548
06/04/2021,1211,1240.099976,1211,1237.800049,24,1237.800049,2.408323345
07/04/2021,1245.900024,1246,1228.699951,1229.300049,83,1229.300049,2.331323458
08/04/2021,1236.5,1236.800049,1230.300049,1233.300049,24,1233.300049,2.367558699
09/04/2021,1207.300049,1207.300049,1207.300049,1207.300049,22,1207.300049,2.132029634
12/04/2021,1170.400024,1172.199951,1168,1172.199951,6,1172.199951,1.814064511
13/04/2021,1163.5,1180.300049,1155,1155,81,1155,1.658253418
14/04/2021,1157.5,1181.699951,1156.400024,1175.199951,7,1175.199951,1.841240942
15/04/2021,1197.800049,1197.800049,1197.800049,1197.800049,30,1197.800049,2.045970937
16/04/2021,1206.199951,1206.199951,1202.800049,1206.199951,2,1206.199951,2.122064058
19/04/2021,1218.400024,1218.400024,1204,1204,1,1204,2.102135118
20/04/2021,1199.400024,1199.400024,1188.599976,1193.800049,4,1193.800049,2.009735696
21/04/2021,1212.199951,1212.199951,1212.199951,1212.199951,0,1212.199951,2.176416919
22/04/2021,1209.900024,1209.900024,1205.900024,1206,10,1206,2.120252738
23/04/2021,1241.5,1241.5,1228.800049,1230.5,5,1230.5,2.342193588
26/04/2021,1236.5,1242.599976,1236.5,1242.599976,5,1242.599976,2.45180497
27/04/2021,1246.900024,1246.900024,1246.900024,1246.900024,1,1246.900024,2.490758296
28/04/2021,1209.400024,1209.400024,1209.400024,1209.400024,0,1209.400024,2.151052914
03/05/2021,1227.900024,1227.900024,1227.900024,1227.900024,0,1227.900024,2.318640902
04/05/2021,1229.599976,1229.599976,1229.599976,1229.599976,0,1229.599976,2.334040437
05/05/2021,1226.599976,1226.599976,1226.599976,1226.599976,0,1226.599976,2.306864007
06/05/2021,1255.5,1255.5,1255.5,1255.5,0,1255.5,2.568663843
07/05/2021,1252.300049,1252.300049,1252.300049,1252.300049,0,1252.300049,2.539676092
10/05/2021,1263,1263,1263,1263,0,1263,2.636604919
11/05/2021,1238.699951,1238.699951,1238.699951,1238.699951,0,1238.699951,2.416475389
12/05/2021,1241,1241,1223.5,1223.5,1,1223.5,2.278781916
13/05/2021,1204.599976,1204.599976,1204.599976,1204.599976,0,1204.599976,2.107570183
14/05/2021,1220.800049,1220.800049,1220.800049,1220.800049,0,1220.800049,2.254323571
17/05/2021,1242.5,1242.5,1242.5,1242.5,0,1242.5,2.45089931
18/05/2021,1223.400024,1223.400024,1223.400024,1223.400024,0,1223.400024,2.277876257
19/05/2021,1195,1199.800049,1195,1199.800049,1,1199.800049,2.064088557
20/05/2021,1203.199951,1203.199951,1203.199951,1203.199951,1,1203.199951,2.094887627
21/05/2021,1167.800049,1167.800049,1167.800049,1167.800049,1,1167.800049,1.774206631
24/05/2021,1175.800049,1175.800049,1175.800049,1175.800049,1,1175.800049,1.846677113
25/05/2021,1195.099976,1195.099976,1195.099976,1195.099976,1,1195.099976,2.021511486
26/05/2021,1198.400024,1198.400024,1198.400024,1198.400024,8,1198.400024,2.051406002
01/06/2021,1198.400024,1198.400024,1198.400024,1198.400024,8,1198.400024,2.051406002
02/06/2021,1191.400024,1191.400024,1191.400024,1191.400024,8,1191.400024,1.987994331
03/06/2021,1161.300049,1161.300049,1161.300049,1161.300049,8,1161.300049,1.715324365
04/06/2021,1163.199951,1163.199951,1163.199951,1163.199951,8,1163.199951,1.73253522
07/06/2021,1173.599976,1173.599976,1173.599976,1173.599976,8,1173.599976,1.826747067
08/06/2021,1161.599976,1161.599976,1161.599976,1161.599976,8,1161.599976,1.718041345
09/06/2021,1150.599976,1150.599976,1150.599976,1150.599976,8,1150.599976,1.618394432
10/06/2021,1144.800049,1144.800049,1144.800049,1144.800049,8,1144.800049,1.565853997
11/06/2021,1149.900024,1149.900024,1149.900024,1149.900024,8,1149.900024,1.612053708
14/06/2021,1164.099976,1164.099976,1164.099976,1164.099976,8,1164.099976,1.74068837
15/06/2021,1147.599976,1147.599976,1147.599976,1147.599976,8,1147.599976,1.591218002
16/06/2021,1141,1141,1141,1141,8,1141,1.531430076
17/06/2021,1054.300049,1054.300049,1054.300049,1054.300049,8,1054.300049,0.746031675
18/06/2021,1040.099976,1040.099976,1040.099976,1040.099976,8,1040.099976,0.617395906
21/06/2021,1049.699951,1049.699951,1049.699951,1049.699951,8,1049.699951,0.704360263
22/06/2021,1069.300049,1069.300049,1069.300049,1069.300049,8,1069.300049,0.881913827
23/06/2021,1085.699951,1085.699951,1085.699951,1085.699951,8,1085.699951,1.03047743
24/06/2021,1093.099976,1093.099976,1093.099976,1093.099976,8,1093.099976,1.097512847
25/06/2021,1102.800049,1102.800049,1102.800049,1102.800049,8,1102.800049,1.185383969
28/06/2021,1096.900024,1096.900024,1096.900024,1096.900024,8875,1096.900024,1.131936768
29/06/2021,1091.300049,1093.099976,1057.599976,1067.5,5260,1067.5,0.865607527
30/06/2021,1057,1070.5,1048.199951,1070.5,82,1070.5,0.892783957
01/07/2021,1063.199951,1086.900024,1063.199951,1078.400024,34,1078.400024,0.964348779
02/07/2021,1082.599976,1092,1079.599976,1085.400024,14,1085.400024,1.02776045
06/07/2021,1094,1114.599976,1075.199951,1081.900024,83,1081.900024,0.996054615
07/07/2021,1087.199951,1096.800049,1072.599976,1080.199951,57,1080.199951,0.980653974
08/07/2021,1069.900024,1079.300049,1062.199951,1073.199951,245,1073.199951,0.917242303
09/07/2021,1072.099976,1094.400024,1067.900024,1094.400024,73,1094.400024,1.109289742
12/07/2021,1099.800049,1121.699951,1099.800049,1121.699951,12,1121.699951,1.356594597
13/07/2021,1109.800049,1110.5,1102.199951,1109.800049,6,1109.800049,1.24879564
14/07/2021,1105.900024,1128.800049,1103.599976,1126.5,16,1126.5,1.400077328
15/07/2021,1142.900024,1142.900024,1136,1136,1,1136,1.486136025
16/07/2021,1110,1110,1104,1107,49,1107,1.223430529
19/07/2021,1092.800049,1092.800049,1068.199951,1069.300049,85,1069.300049,0.881913827
20/07/2021,1076.599976,1076.599976,1052.800049,1064.300049,157,1064.300049,0.836619777
21/07/2021,1073.599976,1073.599976,1073.599976,1073.599976,0,1073.599976,0.920866048
22/07/2021,1088.800049,1088.800049,1088.800049,1088.800049,0,1088.800049,1.058560626
23/07/2021,1059.599976,1059.599976,1059.599976,1059.599976,0,1059.599976,0.794042705
26/07/2021,1060.5,1068.699951,1060.5,1068.699951,3,1068.699951,0.876477657
27/07/2021,1059.800049,1062.5,1047.800049,1047.800049,5,1047.800049,0.687149408
28/07/2021,1056.099976,1056.099976,1056.099976,1056.099976,36,1056.099976,0.762336869
29/07/2021,1071.199951,1074.699951,1063,1065.5,56,1065.5,0.847489906
30/07/2021,1046.900024,1046.900024,1046.900024,1046.900024,0,1046.900024,0.678996258
02/08/2021,1054.900024,1054.900024,1054.900024,1054.900024,0,1054.900024,0.75146674
03/08/2021,1045.800049,1045.800049,1045.800049,1045.800049,53,1045.800049,0.669031788
04/08/2021,1020.400024,1020.400024,1020.400024,1020.400024,221,1020.400024,0.438937788
05/08/2021,1010.900024,1010.900024,1005.5,1005.5,145,1005.5,0.303961295
06/08/2021,972.2999878,972.2999878,972.2999878,972.2999878,81,972.2999878,0.003208686
09/08/2021,965.0999756,970.9000244,965.0999756,970.9000244,50,970.9000244,-0.009473316
10/08/2021,987.2000122,987.2000122,987.2000122,987.2000122,15,987.2000122,0.138185179
11/08/2021,1015.5,1015.5,1015.5,1015.5,15,1015.5,0.394549397
12/08/2021,1017.299988,1017.299988,1017.299988,1017.299988,15,1017.299988,0.410855145
13/08/2021,1025.5,1025.5,1025.5,1025.5,15,1025.5,0.485137499
16/08/2021,1020.5,1020.5,1020.5,1020.5,15,1020.5,0.439843448
17/08/2021,993.4000244,993.4000244,993.4000244,993.4000244,50,993.4000244,0.194349913
18/08/2021,995.7999878,995.7999878,995.7999878,995.7999878,50,995.7999878,0.216090726
19/08/2021,970.5999756,970.5999756,970.5999756,970.5999756,50,970.5999756,-0.012191402
20/08/2021,993.5,993.5,993.5,993.5,50,993.5,0.195255573
23/08/2021,1013.400024,1013.400024,1013.400024,1013.400024,50,1013.400024,0.375526117
24/08/2021,1009.400024,1009.400024,1009.400024,1009.400024,50,1009.400024,0.339290876
25/08/2021,992.7999878,992.7999878,992.7999878,992.7999878,50,992.7999878,0.188914295
26/08/2021,975,975,975,975,50,975,0.027667584
27/08/2021,1005.799988,1005.799988,1005.799988,1005.799988,16,1005.799988,0.306678827
30/08/2021,1010,1010,995.5,1001.900024,14,1001.900024,0.271349799
31/08/2021,1006.5,1013.900024,1006.5,1013.900024,16,1013.900024,0.380055522
01/09/2021,1001.700012,1001.900024,1000,1000,43,1000,0.254137839
02/09/2021,993.9000244,993.9000244,993.9000244,993.9000244,3,993.9000244,0.198879318
03/09/2021,1021.200012,1021.200012,1021.200012,1021.200012,0,1021.200012,0.446184726
07/09/2021,995.4000244,995.4000244,995.4000244,995.4000244,0,995.4000244,0.212467533
08/09/2021,975.2999878,975.2999878,975.2999878,975.2999878,41,975.2999878,0.030385117
09/09/2021,973.7999878,973.7999878,973.7999878,973.7999878,0,973.7999878,0.016796901
10/09/2021,969,973.5,956,956.7000122,150,956.7000122,-0.138108532
13/09/2021,955,957.7000122,953.5,957.7000122,39,957.7000122,-0.129049722
14/09/2021,939.0999756,939.0999756,939.0999756,939.0999756,73,939.0999756,-0.297543923
15/09/2021,932.4000244,932.4000244,932.4000244,932.4000244,0,932.4000244,-0.358237509
16/09/2021,925.2000122,925.2000122,925.2000122,925.2000122,0,925.2000122,-0.423461053
17/09/2021,932.5,932.5,932.5,932.5,0,932.5,-0.357331849
20/09/2021,912,917,900.7999878,900.7999878,5,900.7999878,-0.644496242
21/09/2021,951.9000244,951.9000244,951.9000244,951.9000244,0,951.9000244,-0.18159071
22/09/2021,983.5,1001.299988,980.0999756,1001.299988,2,1001.299988,0.265914182
23/09/2021,997.2000122,997.2000122,997.2000122,997.2000122,0,997.2000122,0.228773281
24/09/2021,980.9000244,980.9000244,980.9000244,980.9000244,0,980.9000244,0.081114785
27/09/2021,985.7000122,986.9000244,979.7999878,982.5999756,10,982.5999756,0.09651432
28/09/2021,960.5999756,960.5999756,960.5999756,960.5999756,8611,960.5999756,-0.102779504
29/09/2021,962.0999756,969.2000122,939,944.2999878,1695,944.2999878,-0.250437999
30/09/2021,946.5999756,966.9000244,946.5,960.9000244,152,960.9000244,-0.100061418
01/10/2021,957.7000122,976,957.7000122,972.0999756,154,972.0999756,0.001396813
04/10/2021,960,963.7999878,951.2000122,960.2000122,94,960.2000122,-0.106402696
05/10/2021,963.7999878,963.7999878,955.7999878,959,25,959,-0.117273379
06/10/2021,957.2999878,975.9000244,949.2000122,975.7999878,13,975.7999878,0.034914522
07/10/2021,986.0999756,995,977.7000122,983.9000244,54,983.9000244,0.108291216
08/10/2021,1012.799988,1030.599976,1012.799988,1026.599976,25,1026.599976,0.495101969
11/10/2021,1004.900024,1007.099976,1004.900024,1004.900024,15,1004.900024,0.29852623
12/10/2021,1010.200012,1010.200012,1003.900024,1009.700012,6,1009.700012,0.342008408
13/10/2021,1022.299988,1022.299988,1022.299988,1022.299988,45,1022.299988,0.456149196
14/10/2021,1033.5,1058,1033.5,1050.5,83,1050.5,0.711607754
15/10/2021,1057.300049,1057.400024,1053.599976,1056.699951,62,1056.699951,0.767771934
18/10/2021,1035.900024,1035.900024,1035.900024,1035.900024,0,1035.900024,0.579349346
19/10/2021,1044.599976,1044.599976,1044.599976,1044.599976,0,1044.599976,0.658160552
20/10/2021,1041.099976,1054.099976,1041.099976,1050.199951,17,1050.199951,0.708889668
21/10/2021,1039,1047.699951,1038.800049,1047.699951,10,1047.699951,0.686242643
22/10/2021,1064.300049,1064.300049,1050.199951,1050.199951,203,1050.199951,0.708889668
25/10/2021,1059.699951,1062.199951,1059.699951,1062.199951,131,1062.199951,0.81759539
26/10/2021,1032.199951,1032.199951,1032.199951,1032.199951,100,1032.199951,0.545831085
27/10/2021,1018,1018.400024,1017,1018.400024,5,1018.400024,0.420820168
28/10/2021,1018.400024,1025,1015.400024,1022.700012,10,1022.700012,0.459772941
29/10/2021,1019.599976,1021.799988,1019.599976,1019.599976,19,1019.599976,0.431690298
01/11/2021,1066.300049,1066.300049,1066.300049,1066.300049,0,1066.300049,0.854737397
02/11/2021,1038.199951,1039.099976,1038.199951,1038.199951,1,1038.199951,0.600183946
03/11/2021,1021.299988,1021.299988,1021.299988,1021.299988,0,1021.299988,0.447090385
04/11/2021,1028.199951,1028.199951,1027.800049,1028.199951,1,1028.199951,0.509595844
05/11/2021,1034.699951,1034.699951,1034.699951,1034.699951,0,1034.699951,0.56847811
08/11/2021,1058.900024,1058.900024,1058.900024,1058.900024,0,1058.900024,0.78770198
09/11/2021,1060.199951,1060.199951,1060.199951,1060.199951,0,1060.199951,0.79947777
10/11/2021,1075.800049,1075.800049,1075.800049,1075.800049,0,1075.800049,0.940796094
11/11/2021,1093.300049,1093.300049,1093.300049,1093.300049,0,1093.300049,1.099325272
12/11/2021,1088.099976,1088.099976,1088.099976,1088.099976,0,1088.099976,1.052218796
15/11/2021,1095.800049,1095.800049,1095.800049,1095.800049,0,1095.800049,1.121972298
16/11/2021,1073,1073,1073,1073,250,1073,0.915430983
17/11/2021,1067.699951,1067.699951,1067.699951,1067.699951,0,1067.699951,0.867418847
18/11/2021,1055,1055,1055,1055,0,1055,0.752372399
19/11/2021,1034.599976,1034.599976,1034.599976,1034.599976,50,1034.599976,0.56757245
22/11/2021,1030,1030,1014,1014,2,1014,0.380961182
23/11/2021,1002,1002,963.0999756,963.0999756,21,963.0999756,-0.080132478
24/11/2021,974.2999878,974.2999878,974.2999878,974.2999878,0,974.2999878,0.021326306
26/11/2021,953.4000244,953.4000244,953.4000244,953.4000244,48,953.4000244,-0.168002495
29/11/2021,962.7999878,970,957.2000122,963.5999756,42,963.5999756,-0.075603073
30/11/2021,926.5999756,926.5999756,926.5999756,926.5999756,0,926.5999756,-0.41077905
01/12/2021,934.5,934.5,934.5,934.5,0,934.5,-0.339214228
02/12/2021,932.4000244,932.4000244,932.4000244,932.4000244,0,932.4000244,-0.358237509
03/12/2021,925.5,925.5,925.5,925.5,0,925.5,-0.42074352
06/12/2021,935.9000244,935.9000244,935.9000244,935.9000244,0,935.9000244,-0.326531673
07/12/2021,949.2999878,949.2999878,949.2999878,949.2999878,0,949.2999878,-0.205143948
08/12/2021,955.2000122,955.2000122,955.2000122,955.2000122,0,955.2000122,-0.151696747
09/12/2021,937.2999878,937.2999878,937.2999878,937.2999878,0,937.2999878,-0.313849671
10/12/2021,933.7999878,933.7999878,933.7999878,933.7999878,0,933.7999878,-0.345555506
13/12/2021,924.0999756,924.0999756,924.0999756,924.0999756,10,924.0999756,-0.433426076
14/12/2021,910.2999878,910.2999878,910.2999878,910.2999878,10,910.2999878,-0.558437546
15/12/2021,893.5999756,893.5999756,893.5999756,893.5999756,10,893.5999756,-0.709719786
16/12/2021,928.2999878,928.2999878,928.2999878,928.2999878,10,928.2999878,-0.395378962
17/12/2021,933.9000244,933.9000244,933.9000244,933.9000244,10,933.9000244,-0.344649293
20/12/2021,911.7000122,926.2000122,911.7000122,926.2000122,4,926.2000122,-0.414402242
21/12/2021,927.5,927.5,927.5,927.5,4,927.5,-0.4026259
22/12/2021,968.0999756,968.0999756,968.0999756,968.0999756,120,968.0999756,-0.034838427
23/12/2021,974.5999756,974.5999756,974.5999756,974.5999756,120,974.5999756,0.024043839
27/12/2021,968.9000244,968.9000244,968.9000244,968.9000244,120,968.9000244,-0.027590937
28/12/2021,979.0999756,979.0999756,979.0999756,979.0999756,120,979.0999756,0.064808485
29/12/2021,968.2000122,968.2000122,968.2000122,968.2000122,3280,968.2000122,-0.033932215
30/12/2021,967.2999878,971,955.7999878,963.5999756,1356,963.5999756,-0.075603073
31/12/2021,962.5,965.2999878,949.5999756,964.4000244,109,964.4000244,-0.068355583
03/01/2022,978.2000122,978.2000122,928.7000122,953.7000122,231,953.7000122,-0.165284962
04/01/2022,950.9000244,975,950.9000244,970.4000244,58,970.4000244,-0.014002722
05/01/2022,980,1001.900024,978.7999878,1001.900024,37,1001.900024,0.271349799
06/01/2022,964,973.5999756,960.5,960.5999756,7,960.5999756,-0.102779504
07/01/2022,970.2000122,970.2000122,957,957,6,957,-0.135390999
10/01/2022,924,934.4000244,924,934.4000244,17,934.4000244,-0.340119888
11/01/2022,947.5,973.7999878,947.5,973.7999878,23,973.7999878,0.016796901
12/01/2022,964.7000122,979.9000244,964.7000122,979.9000244,54,979.9000244,0.072055975
13/01/2022,971.9000244,971.9000244,971.9000244,971.9000244,0,971.9000244,-0.000414506
14/01/2022,964.4000244,964.4000244,964.4000244,964.4000244,0,964.4000244,-0.068355583
18/01/2022,971.5999756,979.2999878,963.4000244,979.2999878,21,979.2999878,0.066620357
19/01/2022,1027.099976,1028.199951,1026.800049,1028.199951,3,1028.199951,0.509595844
20/01/2022,1053.400024,1053.400024,1050.599976,1050.599976,1,1050.599976,0.712513413
21/01/2022,1036.400024,1036.900024,1027,1034.699951,5,1034.699951,0.56847811
24/01/2022,1019,1019.900024,1017.5,1019.900024,2,1019.900024,0.434408383
25/01/2022,1021.400024,1031.699951,1012.799988,1023.799988,10,1023.799988,0.469737411
26/01/2022,1046.099976,1046.099976,1046.099976,1046.099976,0,1046.099976,0.671748768
27/01/2022,1021.700012,1021.700012,1021.700012,1021.700012,0,1021.700012,0.450714131
28/01/2022,1027.5,1027.5,1000.099976,1004.900024,5,1004.900024,0.29852623
31/01/2022,1019.200012,1019.200012,1019.200012,1019.200012,5,1019.200012,0.428067105
01/02/2022,1021.799988,1021.799988,1021.799988,1021.799988,5,1021.799988,0.451619791
02/02/2022,1042.300049,1042.300049,1042.300049,1042.300049,5,1042.300049,0.637325952
03/02/2022,1028.900024,1028.900024,1028.900024,1028.900024,5,1028.900024,0.515937675
04/02/2022,1022.799988,1022.799988,1022.799988,1022.799988,5,1022.799988,0.460678601
07/02/2022,1018.900024,1018.900024,1018.900024,1018.900024,5,1018.900024,0.425349573
08/02/2022,1035.199951,1035.199951,1035.199951,1035.199951,5,1035.199951,0.573007515
09/02/2022,1036,1036,1036,1036,5,1036,0.580255006
10/02/2022,1041.099976,1041.099976,1041.099976,1041.099976,5,1041.099976,0.626454717
11/02/2022,1017.299988,1017.299988,1017.299988,1017.299988,5,1017.299988,0.410855145
14/02/2022,1026.599976,1026.599976,1026.599976,1026.599976,5,1026.599976,0.495101969
15/02/2022,1019,1019,1019,1019,5,1019,0.426255233
16/02/2022,1059,1062.199951,1059,1062.199951,1,1062.199951,0.81759539
17/02/2022,1091.199951,1091.199951,1091.199951,1091.199951,1,1091.199951,1.080300886
18/02/2022,1075.300049,1075.300049,1075.300049,1075.300049,1,1075.300049,0.936266689
22/02/2022,1084.5,1084.5,1084.5,1084.5,1,1084.5,1.0196073
23/02/2022,1090.099976,1090.099976,1090.099976,1090.099976,1,1090.099976,1.070336416
24/02/2022,1060.400024,1060.400024,1060.400024,1060.400024,19,1060.400024,0.801290196
25/02/2022,1048.900024,1048.900024,1048.900024,1048.900024,0,1048.900024,0.697113878
28/02/2022,1063.900024,1063.900024,1037.800049,1037.800049,8,1037.800049,0.596561306
01/03/2022,1051.099976,1051.099976,1051.099976,1051.099976,0,1051.099976,0.717042819
02/03/2022,1056.199951,1067.599976,1053.400024,1067.599976,59,1067.599976,0.866513187
03/03/2022,1080.099976,1080.099976,1080.099976,1080.099976,20,1080.099976,0.979748314
04/03/2022,1116.099976,1116.099976,1116.099976,1116.099976,0,1116.099976,1.305865481
07/03/2022,1148.800049,1154,1115.900024,1115.900024,5,1115.900024,1.304054161
08/03/2022,1152.5,1152.5,1152.5,1152.5,17,1152.5,1.635606393
09/03/2022,1106.699951,1106.699951,1106.699951,1106.699951,0,1106.699951,1.220712444
10/03/2022,1094.400024,1094.400024,1094.400024,1094.400024,0,1094.400024,1.109289742
11/03/2022,1087.800049,1087.800049,1087.800049,1087.800049,0,1087.800049,1.049501816
14/03/2022,1051.5,1051.5,1051.5,1051.5,0,1051.5,0.720666564
15/03/2022,1001.799988,1001.799988,1001.799988,1001.799988,0,1001.799988,0.270443587
16/03/2022,1003.599976,1007.400024,1003.599976,1007.400024,2,1007.400024,0.321173256
17/03/2022,1030.599976,1030.599976,1030.599976,1030.599976,2,1030.599976,0.53133721
18/03/2022,1035.199951,1035.199951,1035.199951,1035.199951,2,1035.199951,0.573007515
21/03/2022,1044.400024,1044.400024,1044.400024,1044.400024,2,1044.400024,0.656349233
22/03/2022,1024.800049,1024.800049,1024.800049,1024.800049,2,1024.800049,0.478796774
23/03/2022,1020.700012,1020.900024,1020.599976,1020.700012,2,1020.700012,0.44165532
24/03/2022,1030.5,1030.5,1030.5,1030.5,2,1030.5,0.53043155
25/03/2022,1007.799988,1007.799988,1007.799988,1007.799988,2,1007.799988,0.324796448
28/03/2022,990.4000244,990.4000244,990.4000244,990.4000244,2,990.4000244,0.167173482
29/03/2022,972.2999878,972.2999878,972.2999878,972.2999878,8602,972.2999878,0.003208686
30/03/2022,982.2000122,1004.799988,981.2000122,996.7999878,1774,996.7999878,0.225149536
31/03/2022,995.4000244,995.4000244,980.0999756,992.5,120,992.5,0.186196763
01/04/2022,992.7999878,998.2999878,982.7000122,985,159,985,0.118255686
04/04/2022,985,986.5,985,986.5,41,986.5,0.131843901
05/04/2022,979.2999878,979.2999878,969.4000244,969.4000244,2,969.4000244,-0.023061532
06/04/2022,960.2999878,964,948.7999878,950.0999756,128,950.0999756,-0.197897011
07/04/2022,953,954.9000244,942.5999756,954.9000244,88,954.9000244,-0.154414279
08/04/2022,983.7000122,984.2000122,971.2999878,972.2000122,7,972.2000122,0.002303026
11/04/2022,978.7000122,989.2999878,973.7000122,973.9000244,31,973.9000244,0.017703114
12/04/2022,960.2000122,974,960.2000122,969,5,969,-0.026685277
13/04/2022,970,986,970,985.2000122,275,985.2000122,0.120067559
14/04/2022,986.2999878,989.5999756,986.2999878,989.5999756,2,989.5999756,0.159925992
18/04/2022,1012.599976,1015.400024,1012.599976,1015.400024,5,1015.400024,0.393643737
19/04/2022,1016.200012,1016.200012,983.9000244,984.4000244,50,984.4000244,0.112820621
20/04/2022,982.7999878,982.7999878,982.7999878,982.7999878,20,982.7999878,0.098326193
21/04/2022,965.2999878,965.2999878,965.2999878,965.2999878,50,965.2999878,-0.060202985
22/04/2022,958.9000244,958.9000244,925.0999756,925.0999756,13,925.0999756,-0.424367265
25/04/2022,903.7000122,903.7000122,899.4000244,902.2999878,108,902.2999878,-0.630908027
26/04/2022,912.7000122,913.5,902.5,911.9000244,122,911.9000244,-0.543943118
27/04/2022,910.0999756,910.0999756,910.0999756,910.0999756,6,910.0999756,-0.560249418
28/04/2022,906.5999756,910.4000244,902.2000122,910.4000244,25,910.4000244,-0.557531333
29/04/2022,922.2000122,937.5999756,922.0999756,937.5999756,202,937.5999756,-0.311132138
02/05/2022,930.5999756,930.5999756,930.5999756,930.5999756,0,930.5999756,-0.374543809
03/05/2022,956.5,956.5,956.5,956.5,0,956.5,-0.139920404
04/05/2022,978.2000122,979.5,978.2000122,978.2000122,40,978.2000122,0.056655887
05/05/2022,971.7999878,971.7999878,971.7999878,971.7999878,120,971.7999878,-0.001320719
06/05/2022,954.5999756,954.5999756,954.5999756,954.5999756,97,954.5999756,-0.157132365
09/05/2022,938.5,938.5,938.5,938.5,15,938.5,-0.302978988
10/05/2022,958.7999878,958.7999878,953.5,953.5,29,953.5,-0.167096835
11/05/2022,995.7000122,995.7000122,995.7000122,995.7000122,0,995.7000122,0.215185066
12/05/2022,936.9000244,936.9000244,936.9000244,936.9000244,0,936.9000244,-0.317472863
13/05/2022,936.4000244,936.4000244,936.4000244,936.4000244,0,936.4000244,-0.322002268
16/05/2022,929,929,929,929,0,929,-0.389037685
17/05/2022,947.0999756,947.0999756,947.0999756,947.0999756,0,947.0999756,-0.225073441
18/05/2022,927.9000244,927.9000244,927.9000244,927.9000244,0,927.9000244,-0.399002155
19/05/2022,957.5,957.5,957.5,957.5,0,957.5,-0.130861594
20/05/2022,946.2000122,946.2000122,946.2000122,946.2000122,0,946.2000122,-0.233226039
23/05/2022,955.5,955.5,955.5,955.5,0,955.5,-0.148979215
24/05/2022,946.7999878,946.7999878,946.7999878,946.7999878,0,946.7999878,-0.227790974
25/05/2022,933.4000244,933.4000244,933.4000244,933.4000244,0,933.4000244,-0.349178699
26/05/2022,941.5,941.5,941.5,941.5,2,941.5,-0.275802557
27/05/2022,944.5,945.5,944.5,945.5,11,945.5,-0.239567316
31/05/2022,969.2999878,969.2999878,969.2999878,969.2999878,1,969.2999878,-0.023967744
01/06/2022,997.2000122,997.2000122,997.2000122,997.2000122,0,997.2000122,0.228773281
02/06/2022,1029.199951,1029.199951,1029.199951,1029.199951,0,1029.199951,0.518654654
03/06/2022,1017.200012,1017.200012,1017.200012,1017.200012,0,1017.200012,0.409949485
06/06/2022,1030.800049,1030.800049,1030.800049,1030.800049,0,1030.800049,0.533149635
07/06/2022,1013.700012,1013.700012,1013.700012,1013.700012,0,1013.700012,0.378243649
08/06/2022,1012.400024,1012.400024,1012.400024,1012.400024,0,1012.400024,0.366467306
09/06/2022,976.7000122,976.7000122,976.7000122,976.7000122,0,976.7000122,0.043067672
10/06/2022,971.7999878,971.7999878,971.7999878,971.7999878,0,971.7999878,-0.001320719
13/06/2022,933.0999756,933.0999756,933.0999756,933.0999756,0,933.0999756,-0.351896784
14/06/2022,911.5,911.5,911.5,911.5,0,911.5,-0.547566863
15/06/2022,925.4000244,925.4000244,925.4000244,925.4000244,0,925.4000244,-0.42164918
16/06/2022,951.9000244,951.9000244,951.9000244,951.9000244,0,951.9000244,-0.18159071
17/06/2022,931,931,931,931,0,931,-0.370920064
21/06/2022,940,940,940,940,0,940,-0.289390772
22/06/2022,927.4000244,927.4000244,927.4000244,927.4000244,0,927.4000244,-0.40353156
23/06/2022,904.9000244,904.9000244,904.9000244,904.9000244,0,904.9000244,-0.607354789
24/06/2022,904.5,904.5,904.5,904.5,0,904.5,-0.610978534
27/06/2022,904.9000244,904.9000244,903.2999878,904.9000244,5,904.9000244,-0.607354789
28/06/2022,911.2000122,911.5,910.5999756,910.5999756,7007,910.5999756,-0.555720013
29/06/2022,908.7999878,932.7999878,907.5,910.7999878,1039,910.7999878,-0.553908141
30/06/2022,912.7999878,912.7999878,888.0999756,898.4000244,297,898.4000244,-0.666237055
01/07/2022,880,892.4000244,861,875.4000244,165,875.4000244,-0.87458969
05/07/2022,890.9000244,890.9000244,856.7999878,856.7999878,11,856.7999878,-1.043083891
06/07/2022,853.0999756,853.0999756,847.7999878,847.7999878,11,847.7999878,-1.124613183
07/07/2022,882,882,876.4000244,876.4000244,19,876.4000244,-0.865530879
08/07/2022,872.5,894,872.5,894,3,894,-0.706096041
11/07/2022,872.2000122,872.2000122,872.2000122,872.2000122,12,872.2000122,-0.903577993
12/07/2022,839.7000122,839.7000122,839.7000122,839.7000122,13,839.7000122,-1.197989324
13/07/2022,849.9000244,849.9000244,849.9000244,849.9000244,10,849.9000244,-1.105589349
14/07/2022,830.5999756,830.5999756,830.5999756,830.5999756,12,830.5999756,-1.280424828
15/07/2022,845,845,843,844.2000122,18,844.2000122,-1.157224678
18/07/2022,864.7999878,864.7999878,864.7999878,864.7999878,0,864.7999878,-0.970613409
19/07/2022,880.2999878,880.2999878,867.5999756,867.5999756,5,867.5999756,-0.945248851
20/07/2022,855,855,842,851.5,15,851.5,-1.091095474
21/07/2022,857.0999756,857.0999756,857.0999756,857.0999756,24,857.0999756,-1.040366358
22/07/2022,861.2000122,861.2000122,861.2000122,861.2000122,8,861.2000122,-1.003224905
25/07/2022,864.2999878,864.2999878,864.2999878,864.2999878,0,864.2999878,-0.975142814
26/07/2022,859.0999756,859.0999756,859.0999756,859.0999756,0,859.0999756,-1.022248738
27/07/2022,871.7999878,871.7999878,871.7999878,871.7999878,2,871.7999878,-0.907201738
28/07/2022,884.2999878,884.2999878,865.7999878,871.9000244,21,871.9000244,-0.906295525
29/07/2022,887.5999756,887.5999756,884.9000244,884.9000244,2,884.9000244,-0.788530993
01/08/2022,896.7000122,896.7000122,896.7000122,896.7000122,0,896.7000122,-0.681637143
02/08/2022,900.0999756,900.0999756,900.0999756,900.0999756,0,900.0999756,-0.65083752
03/08/2022,885.5999756,885.5999756,883.7999878,885.5999756,1,885.5999756,-0.782190268
04/08/2022,922.4000244,922.4000244,922.4000244,922.4000244,0,922.4000244,-0.448825611
05/08/2022,921.9000244,921.9000244,921.9000244,921.9000244,0,921.9000244,-0.453355016
08/08/2022,937.2999878,937.2999878,937.2999878,937.2999878,0,937.2999878,-0.313849671
09/08/2022,931.9000244,931.9000244,931.9000244,931.9000244,0,931.9000244,-0.362766914
10/08/2022,945,945,945,945,0,945,-0.244096721
11/08/2022,958.2999878,958.2999878,958.2999878,958.2999878,0,958.2999878,-0.123614657
12/08/2022,958.2999878,958.2999878,958.2999878,958.2999878,0,958.2999878,-0.123614657
15/08/2022,932.5,932.5,932.5,932.5,0,932.5,-0.357331849
16/08/2022,929.9000244,929.9000244,929.9000244,929.9000244,0,929.9000244,-0.380884534
17/08/2022,918,918,918,918,0,918,-0.488684597
18/08/2022,903.5999756,903.5999756,903.5999756,903.5999756,0,903.5999756,-0.619131685
19/08/2022,886.9000244,886.9000244,886.9000244,886.9000244,0,886.9000244,-0.770413372
22/08/2022,866.9000244,866.9000244,866.9000244,866.9000244,0,866.9000244,-0.951589576
23/08/2022,875.2999878,875.2999878,875.2999878,875.2999878,0,875.2999878,-0.875495902
24/08/2022,872,874.5,865.2000122,866.2999878,4,866.2999878,-0.957025194
25/08/2022,873.2999878,873.2999878,873.2999878,873.2999878,0,873.2999878,-0.893613523
26/08/2022,854.5999756,854.5999756,854.5999756,854.5999756,0,854.5999756,-1.063013384
29/08/2022,853.5,853.5,853.5,853.5,2,853.5,-1.072977854
30/08/2022,830.5999756,830.5999756,830.5999756,830.5999756,0,830.5999756,-1.280424828
31/08/2022,826.4000244,826.4000244,826.4000244,826.4000244,0,826.4000244,-1.318471389
01/09/2022,804,804,804,804,0,804,-1.521388958
02/09/2022,809.7999878,817.0999756,806.4000244,817.0999756,4,817.0999756,-1.402718766
06/09/2022,832.7000122,832.7000122,832.7000122,832.7000122,4,832.7000122,-1.261400995
07/09/2022,846,846,846,846,4,846,-1.14091893
08/09/2022,865.2000122,865.2000122,865.2000122,865.2000122,4,865.2000122,-0.966989664
09/09/2022,876,876,876,876,4,876,-0.869154625
12/09/2022,903.2999878,903.2999878,903.2999878,903.2999878,4,903.2999878,-0.621849217
13/09/2022,882.7999878,882.7999878,882.7999878,882.7999878,4,882.7999878,-0.807554826
14/09/2022,904.5,904.5,904.5,904.5,4,904.5,-0.610978534
15/09/2022,905,905,905,905,31,905,-0.606449129
16/09/2022,900.5,900.5,900.5,900.5,31,900.5,-0.647213775
19/09/2022,918,918,918,918,31,918,-0.488684597
20/09/2022,922,922,922,922,35,922,-0.452449356
21/09/2022,915.9000244,915.9000244,915.9000244,915.9000244,5,915.9000244,-0.507707877
22/09/2022,905.7999878,905.7999878,905.7999878,905.7999878,5,905.7999878,-0.599202192
23/09/2022,859.2999878,859.2999878,853.7999878,858.5,4,858.5,-1.027683803
26/09/2022,849.9000244,849.9000244,849.9000244,849.9000244,4,849.9000244,-1.105589349
27/09/2022,847.9000244,847.9000244,847.9000244,847.9000244,4,847.9000244,-1.12370697
28/09/2022,871.0999756,871.0999756,871.0999756,871.0999756,7446,871.0999756,-0.913543016
29/09/2022,870.5,877.4000244,846.2000122,871.2999878,1964,871.2999878,-0.911731143
30/09/2022,869,883.4000244,866,870,56,870,-0.923507486
03/10/2022,895,915.2000122,895,911.2999878,16,911.2999878,-0.549378735
04/10/2022,911.2999878,950,911.2999878,943.7000122,12,943.7000122,-0.255873064
05/10/2022,946.4000244,946.4000244,918.9000244,924.5999756,102,924.5999756,-0.428896671
06/10/2022,931.7000122,931.7000122,931.7000122,931.7000122,21,931.7000122,-0.364578786
07/10/2022,945,945,929.2000122,929.2000122,28,929.2000122,-0.387225812
10/10/2022,913.2000122,913.2000122,906.2000122,906.2000122,8,906.2000122,-0.595578446
11/10/2022,902.7999878,909.5,899,909.5,2,909.5,-0.565684483
12/10/2022,891.4000244,891.4000244,891.4000244,891.4000244,0,891.4000244,-0.729648727
13/10/2022,890,906.7999878,890,906.7999878,2,906.7999878,-0.590143381
14/10/2022,916.7999878,916.7999878,905.2999878,905.2999878,16,905.2999878,-0.603731597
17/10/2022,924,924,924,924,1,924,-0.434331735
18/10/2022,924.5999756,924.5999756,917.7000122,917.7000122,2,917.7000122,-0.491402129
19/10/2022,891.5,891.5,891.5,891.5,7,891.5,-0.728743067
20/10/2022,939.9000244,939.9000244,930.0999756,930.0999756,16,930.0999756,-0.379073214
21/10/2022,954.5999756,960,949.2999878,954.5999756,10,954.5999756,-0.157132365
24/10/2022,947.2999878,947.2999878,947.2999878,947.2999878,6,947.2999878,-0.223261569
25/10/2022,934.0999756,939.7000122,934.0999756,939.7000122,1,939.7000122,-0.292108305
26/10/2022,960.2999878,982.5,954.0999756,982.5,42,982.5,0.095608661
27/10/2022,987.4000244,987.4000244,987.4000244,987.4000244,1,987.4000244,0.139997052
28/10/2022,958.4000244,958.4000244,958.4000244,958.4000244,1,958.4000244,-0.122708444
31/10/2022,939.4000244,939.4000244,939.4000244,939.4000244,1,939.4000244,-0.294825837
01/11/2022,959.7999878,959.7999878,959.7999878,959.7999878,1,959.7999878,-0.110026441
02/11/2022,960.2000122,960.2000122,960.2000122,960.2000122,1,960.2000122,-0.106402696
03/11/2022,933.4000244,933.4000244,933.4000244,933.4000244,1,933.4000244,-0.349178699
04/11/2022,969.7999878,969.7999878,969.7999878,969.7999878,1,969.7999878,-0.019438339
07/11/2022,998.7000122,998.7000122,998.7000122,998.7000122,1,998.7000122,0.242361496
08/11/2022,1023.799988,1023.799988,1023.799988,1023.799988,1,1023.799988,0.469737411
09/11/2022,1006.599976,1006.599976,1006.599976,1006.599976,1,1006.599976,0.313925765
10/11/2022,1064.300049,1064.300049,1064.300049,1064.300049,1,1064.300049,0.836619777
11/11/2022,1047.400024,1047.400024,1047.400024,1047.400024,1,1047.400024,0.683525663
14/11/2022,1042.300049,1042.300049,1042.300049,1042.300049,1,1042.300049,0.637325952
15/11/2022,1031.699951,1031.699951,1031.699951,1031.699951,1,1031.699951,0.54130168
16/11/2022,1025.5,1025.5,1025.5,1025.5,1,1025.5,0.485137499
17/11/2022,1000.799988,1000.799988,1000.799988,1000.799988,1,1000.799988,0.261384777
18/11/2022,1002,1002,1002,1002,1,1002,0.272255459
21/11/2022,1005.599976,1005.599976,1005.599976,1005.599976,1,1005.599976,0.304866955
22/11/2022,1013.400024,1013.400024,1013.400024,1013.400024,1,1013.400024,0.375526117
23/11/2022,1014.5,1014.5,1014.5,1014.5,1,1014.5,0.385490587
25/11/2022,1005.5,1005.5,1005.5,1005.5,1,1005.5,0.303961295
28/11/2022,1017,1017,1017,1017,0,1017,0.408137612
29/11/2022,1021.599976,1021.599976,1021.599976,1021.599976,0,1021.599976,0.449807918
30/11/2022,1052.300049,1052.300049,1052.300049,1052.300049,0,1052.300049,0.727914054
01/12/2022,1067.900024,1067.900024,1067.900024,1067.900024,0,1067.900024,0.869231272
02/12/2022,1039.599976,1039.599976,1039.599976,1039.599976,0,1039.599976,0.612866501
05/12/2022,1020.5,1020.5,1020.5,1020.5,0,1020.5,0.439843448
06/12/2022,1008.400024,1008.400024,1008.400024,1008.400024,0,1008.400024,0.330232066
07/12/2022,1024.5,1024.5,1024.5,1024.5,0,1024.5,0.476078689
08/12/2022,1027.599976,1027.599976,1027.599976,1027.599976,0,1027.599976,0.504160779
09/12/2022,1049.199951,1049.199951,1049.199951,1049.199951,0,1049.199951,0.699830858
12/12/2022,1021,1021,1021,1021,0,1021,0.444372853
13/12/2022,1051.900024,1051.900024,1051.900024,1051.900024,0,1051.900024,0.724290309
14/12/2022,1051.699951,1051.699951,1051.699951,1051.699951,0,1051.699951,0.722477883
15/12/2022,1026.199951,1026.199951,1026.199951,1026.199951,0,1026.199951,0.491478224
16/12/2022,1013,1013,1013,1013,0,1013,0.371902371
19/12/2022,1000.700012,1000.700012,1000.700012,1000.700012,0,1000.700012,0.260479117
20/12/2022,1026,1026,1026,1026,0,1026,0.489666904
21/12/2022,1015,1015,1015,1015,0,1015,0.390019992
22/12/2022,997.5999756,997.5999756,997.5999756,997.5999756,0,997.5999756,0.232396473
23/12/2022,1042.599976,1042.599976,1042.599976,1042.599976,0,1042.599976,0.640042932
27/12/2022,1042.699951,1042.699951,1042.699951,1042.699951,0,1042.699951,0.640948592
28/12/2022,1029.800049,1029.800049,1029.800049,1029.800049,3920,1029.800049,0.524090825
29/12/2022,1013.299988,1058.099976,1010.299988,1049.699951,3288,1049.699951,0.704360263
30/12/2022,1055.800049,1077.5,1052.099976,1073.699951,361,1073.699951,0.921771708
03/01/2023,1078.699951,1092.900024,1074.5,1082,156,1082,0.996960275
04/01/2023,1100,1100.5,1080.699951,1080.699951,249,1080.699951,0.985183379
05/01/2023,1079,1079,1059.099976,1059.099976,10,1059.099976,0.7895133
06/01/2023,1063.800049,1096.400024,1063.800049,1092.599976,95,1092.599976,1.092983441
09/01/2023,1093.699951,1093.699951,1086.300049,1086.300049,251,1086.300049,1.035913601
10/01/2023,1078,1078,1074.5,1076.599976,32,1076.599976,0.948042478
11/01/2023,1080,1091,1073.800049,1073.800049,69,1073.800049,0.922678473
12/01/2023,1068,1074.599976,1064,1074.599976,2,1074.599976,0.929924858
13/01/2023,1067.300049,1067.300049,1049,1063.699951,18,1063.699951,0.831183606
17/01/2023,1056,1056,1037.5,1037.5,8,1037.5,0.593843221
18/01/2023,1052.699951,1052.699951,1034.5,1034.5,27,1034.5,0.566666791
19/01/2023,1042,1042,1014,1032,22,1032,0.544019765
20/01/2023,1028.5,1044.199951,1028.5,1038.099976,8,1038.099976,0.599278286
23/01/2023,1046.699951,1046.699951,1046,1046.699951,1,1046.699951,0.677183833
24/01/2023,1057.699951,1057.699951,1057.699951,1057.699951,2,1057.699951,0.776830745
25/01/2023,1040.400024,1041,1035.199951,1037,14,1037,0.589313816
26/01/2023,1013.599976,1013.599976,1013.599976,1013.599976,4,1013.599976,0.377337436
27/01/2023,1007.400024,1007.400024,1007.400024,1007.400024,0,1007.400024,0.321173256
30/01/2023,1011.400024,1011.400024,1011.400024,1011.400024,0,1011.400024,0.357408496
31/01/2023,1012,1012,1012,1012,0,1012,0.362843561
01/02/2023,992.5999756,992.5999756,992.5999756,992.5999756,0,992.5999756,0.187102422
02/02/2023,1023.5,1023.5,1023.5,1023.5,0,1023.5,0.467019878
03/02/2023,971.7999878,971.7999878,971.7999878,971.7999878,0,971.7999878,-0.001320719
06/02/2023,966.0999756,966.0999756,966.0999756,966.0999756,1,966.0999756,-0.052956048
07/02/2023,977.7000122,977.7000122,977.7000122,977.7000122,0,977.7000122,0.052126482
08/02/2023,978.7000122,978.7000122,978.7000122,978.7000122,0,978.7000122,0.061185292
09/02/2023,957.9000244,957.9000244,957.9000244,957.9000244,0,957.9000244,-0.127237849
10/02/2023,957.5,967.5,945.5999756,945.5999756,2,945.5999756,-0.238661657
13/02/2023,953.2999878,953.2999878,953.2999878,953.2999878,0,953.2999878,-0.168908708
14/02/2023,933.0999756,933.0999756,933.0999756,933.0999756,0,933.0999756,-0.351896784
15/02/2023,911.7000122,911.7000122,911.7000122,911.7000122,0,911.7000122,-0.54575499
16/02/2023,903.4000244,925.0999756,903.4000244,925.0999756,1,925.0999756,-0.424367265
17/02/2023,915,915.5,915,915.5,1,915.5,-0.511331622
21/02/2023,942.7000122,942.7000122,942.7000122,942.7000122,0,942.7000122,-0.264931874
22/02/2023,947.4000244,947.4000244,947.4000244,947.4000244,0,947.4000244,-0.222355356
23/02/2023,939.5999756,939.5999756,939.5999756,939.5999756,0,939.5999756,-0.293014518
24/02/2023,902,902,902,902,0,902,-0.63362556
27/02/2023,941.5999756,941.5999756,941.5999756,941.5999756,0,941.5999756,-0.274896897
28/02/2023,955.2000122,955.2000122,955.2000122,955.2000122,0,955.2000122,-0.151696747
01/03/2023,961.5,961.5,961.5,961.5,0,961.5,-0.094626353
02/03/2023,962.9000244,962.9000244,962.9000244,962.9000244,0,962.9000244,-0.081943798
03/03/2023,977.2000122,977.2000122,977.2000122,977.2000122,0,977.2000122,0.047597077
06/03/2023,976.0999756,976.0999756,976.0999756,976.0999756,0,976.0999756,0.037632054
07/03/2023,933.4000244,933.4000244,933.4000244,933.4000244,0,933.4000244,-0.349178699
08/03/2023,938.0999756,938.0999756,938.0999756,938.0999756,0,938.0999756,-0.306602733
09/03/2023,946.7999878,946.7999878,946.7999878,946.7999878,0,946.7999878,-0.227790974
10/03/2023,959.7000122,959.7000122,959.7000122,959.7000122,0,959.7000122,-0.110932101
13/03/2023,1002.5,1002.5,1002.5,1002.5,0,1002.5,0.276784864
14/03/2023,994.9000244,994.9000244,994.9000244,994.9000244,2,994.9000244,0.207938128
15/03/2023,967.9000244,967.9000244,967.5999756,967.9000244,2,967.9000244,-0.036649747
16/03/2023,974.7000122,974.7000122,974.7000122,974.7000122,0,974.7000122,0.024950052
17/03/2023,976.7000122,976.7000122,976.7000122,976.7000122,0,976.7000122,0.043067672
20/03/2023,994.9000244,994.9000244,994.9000244,994.9000244,0,994.9000244,0.207938128
21/03/2023,974.7999878,974.7999878,974.7999878,974.7999878,0,974.7999878,0.025855712
22/03/2023,985.0999756,985.0999756,985.0999756,985.0999756,0,985.0999756,0.119161346
23/03/2023,991,991,991,991,0,991,0.172608547
24/03/2023,982,982,982,982,0,982,0.091079256
27/03/2023,975.2000122,975.2000122,975.2000122,975.2000122,0,975.2000122,0.029479457
28/03/2023,961.5,961.5,961.5,961.5,0,961.5,-0.094626353
29/03/2023,963.5999756,963.5999756,963.5999756,963.5999756,3892,963.5999756,-0.075603073
30/03/2023,967.5,987.7000122,962,985.2000122,892,985.2000122,0.120067559
31/03/2023,984.2000122,997,979.4000244,994.0999756,37,994.0999756,0.200690638
03/04/2023,985,989.2000122,985,986.9000244,11,986.9000244,0.135467647
04/04/2023,986.0999756,1021,986.0999756,1018.700012,24,1018.700012,0.4235377
05/04/2023,1016.799988,1023.200012,996,997.5,13,997.5,0.231490813
06/04/2023,999.4000244,1006.900024,999.4000244,1006.900024,0,1006.900024,0.31664385
10/04/2023,993.0999756,993.0999756,993.0999756,993.0999756,0,993.0999756,0.191631827
11/04/2023,996.5,996.5,995.5999756,995.5999756,2,995.5999756,0.214278853
12/04/2023,1018,1018,1018,1018,0,1018,0.417196422
13/04/2023,1043,1056.099976,1043,1056.099976,5,1056.099976,0.762336869
14/04/2023,1044.599976,1044.599976,1044.599976,1044.599976,1,1044.599976,0.658160552
17/04/2023,1050.400024,1050.400024,1050.400024,1050.400024,0,1050.400024,0.710702094
18/04/2023,1086.5,1087.900024,1086.5,1087.900024,1,1087.900024,1.050407476
19/04/2023,1062.300049,1096.699951,1062.300049,1096.699951,1,1096.699951,1.130124342
20/04/2023,1098.699951,1101.699951,1098.699951,1098.699951,3,1098.699951,1.148241962
21/04/2023,1129.800049,1129.800049,1129.800049,1129.800049,0,1129.800049,1.429971844
24/04/2023,1088.800049,1088.800049,1088.800049,1088.800049,0,1088.800049,1.058560626
25/04/2023,1089.300049,1089.300049,1089.300049,1089.300049,0,1089.300049,1.063090031
26/04/2023,1097.099976,1097.099976,1097.099976,1097.099976,0,1097.099976,1.133748087
27/04/2023,1091.300049,1091.300049,1091.300049,1091.300049,0,1091.300049,1.081207652
28/04/2023,1088.199951,1088.199951,1088.199951,1088.199951,0,1088.199951,1.053124455
01/05/2023,1062.800049,1062.800049,1062.800049,1062.800049,0,1062.800049,0.823031561
02/05/2023,1076.400024,1076.400024,1076.400024,1076.400024,0,1076.400024,0.946231159
03/05/2023,1059.900024,1059.900024,1059.900024,1059.900024,0,1059.900024,0.796760791
04/05/2023,1048.400024,1048.400024,1048.400024,1048.400024,0,1048.400024,0.692584473
05/05/2023,1066.400024,1066.400024,1066.400024,1066.400024,0,1066.400024,0.855643057
08/05/2023,1088.800049,1088.800049,1088.800049,1088.800049,0,1088.800049,1.058560626
09/05/2023,1117.099976,1117.099976,1117.099976,1117.099976,0,1117.099976,1.314924291
10/05/2023,1122.199951,1122.199951,1122.199951,1122.199951,0,1122.199951,1.361124002
11/05/2023,1108.099976,1108.099976,1108.099976,1108.099976,0,1108.099976,1.233394999
12/05/2023,1070.099976,1070.099976,1070.099976,1070.099976,0,1070.099976,0.889160212
15/05/2023,1077.800049,1077.800049,1077.800049,1077.800049,0,1077.800049,0.958913714
16/05/2023,1070,1070,1070,1070,0,1070,0.888254552
17/05/2023,1085.699951,1085.699951,1085.699951,1085.699951,0,1085.699951,1.03047743
18/05/2023,1061.300049,1061.300049,1061.300049,1061.300049,0,1061.300049,0.809443346
19/05/2023,1078.800049,1078.800049,1078.800049,1078.800049,0,1078.800049,0.967972524
22/05/2023,1080.400024,1080.400024,1080.400024,1080.400024,0,1080.400024,0.982466399
23/05/2023,1060.699951,1060.699951,1060.699951,1060.699951,0,1060.699951,0.804007175
24/05/2023,1032.599976,1032.599976,1032.599976,1032.599976,0,1032.599976,0.54945483
25/05/2023,1029.400024,1029.400024,1029.400024,1029.400024,0,1029.400024,0.52046708
26/05/2023,1031.199951,1031.199951,1031.199951,1031.199951,75,1031.199951,0.536772275
30/05/2023,1030,1030,1030,1030,75,1030,0.525902145
31/05/2023,1007.099976,1007.099976,1007.099976,1007.099976,75,1007.099976,0.31845517
01/06/2023,1018.200012,1018.200012,1018.200012,1018.200012,75,1018.200012,0.419008295
02/06/2023,1011.599976,1011.599976,1011.599976,1011.599976,75,1011.599976,0.359219816
05/06/2023,1044.5,1044.5,1044.5,1044.5,75,1044.5,0.657254892
06/06/2023,1046.800049,1046.800049,1046.800049,1046.800049,75,1046.800049,0.678090598
07/06/2023,1032.699951,1032.699951,1032.699951,1032.699951,75,1032.699951,0.55036049
08/06/2023,1022,1022,1022,1022,75,1022,0.453431663
09/06/2023,1020.900024,1020.900024,1020.900024,1020.900024,75,1020.900024,0.443467193
12/06/2023,1003.400024,1003.400024,1003.400024,1003.400024,0,1003.400024,0.284938015
13/06/2023,990,990,990,990,100,990,0.163549737
14/06/2023,988.0999756,988.0999756,988.0999756,988.0999756,100,988.0999756,0.146337777
15/06/2023,1000,1000,1000,1000,100,1000,0.254137839
16/06/2023,995.4000244,995.4000244,995.4000244,995.4000244,100,995.4000244,0.212467533
20/06/2023,976.0999756,976.0999756,976.0999756,976.0999756,100,976.0999756,0.037632054
21/06/2023,957.0999756,957.0999756,957.0999756,957.0999756,100,957.0999756,-0.134485339
22/06/2023,934.5999756,934.5999756,934.5999756,934.5999756,100,934.5999756,-0.338308569
23/06/2023,931.7999878,931.7999878,931.7999878,931.7999878,100,931.7999878,-0.363673127
26/06/2023,936.7000122,936.7000122,936.7000122,936.7000122,100,936.7000122,-0.319284735
27/06/2023,936.5999756,936.5999756,936.5999756,936.5999756,100,936.5999756,-0.320190948
28/06/2023,923.4000244,923.4000244,923.4000244,923.4000244,7773,923.4000244,-0.4397668
29/06/2023,910.9000244,919.7000122,887.2999878,897.7999878,2013,897.7999878,-0.671672673
30/06/2023,899.2000122,904.5,884,904.5,33,904.5,-0.610978534
03/07/2023,900,911,900,909.2999878,36,909.2999878,-0.567496356
05/07/2023,917.0999756,918.0999756,909.7999878,918.0999756,59,918.0999756,-0.487778937
06/07/2023,899.0999756,904.5,899.0999756,904.5,24,904.5,-0.610978534
