Date,Adj Close,rtns,rtns-r_f,equity,equity_curve
08/07/2019,2975.949951,0,0,100000,1
09/07/2019,2979.629883,0.001236557,-0.018763443,100123.6557,1.001236557
10/07/2019,2993.070068,0.004510689,-0.015489311,100575.2824,1.005752824
11/07/2019,2999.909912,0.002285227,-0.017714773,100805.1198,1.008051198
12/07/2019,3013.77002,0.004620175,-0.015379825,101270.857,1.01270857
15/07/2019,3014.300049,0.000175869,-0.019824131,101288.6674,1.012886674
16/07/2019,3004.040039,-0.003403779,-0.023403779,100943.9032,1.009439032
17/07/2019,2984.419922,-0.006531244,-0.026531244,100284.614,1.00284614
18/07/2019,2995.110107,0.003581998,-0.016418002,100643.8333,1.006438333
19/07/2019,2976.610107,-0.006176735,-0.026176735,100022.183,1.00022183
22/07/2019,2985.030029,0.002828695,-0.017171305,100305.1153,1.003051153
23/07/2019,3005.469971,0.006847483,-0.013152517,100991.9528,1.009919528
24/07/2019,3019.560059,0.004688148,-0.015311852,101465.4181,1.014654181
25/07/2019,3003.669922,-0.005262401,-0.025262401,100931.4663,1.009314663
26/07/2019,3025.860107,0.007387691,-0.012612309,101677.1168,1.016771168
29/07/2019,3020.969971,-0.001616114,-0.021616114,101512.7949,1.015127949
30/07/2019,3013.179932,-0.002578655,-0.022578655,101251.0285,1.012510285
31/07/2019,2980.379883,-0.010885526,-0.030885526,100148.8577,1.001488577
01/08/2019,2953.560059,-0.008998794,-0.028998794,99247.63883,0.992476388
02/08/2019,2932.050049,-0.00728274,-0.02728274,98524.84408,0.985248441
05/08/2019,2844.73999,-0.02977782,-0.04977782,95590.98899,0.95590989
06/08/2019,2881.77002,0.013017017,-0.006982983,96835.29856,0.968352986
07/08/2019,2883.97998,0.000766876,-0.019233124,96909.55922,0.969095592
08/08/2019,2938.090088,0.018762304,-0.001237696,98727.80579,0.987278058
09/08/2019,2918.649902,-0.006616607,-0.026616607,98074.56275,0.980745627
12/08/2019,2882.699951,-0.012317322,-0.032317322,96866.54677,0.968665468
13/08/2019,2926.320068,0.015131688,-0.004868312,98332.30115,0.983323012
14/08/2019,2840.600098,-0.029292753,-0.049292753,95451.87738,0.954518774
15/08/2019,2847.600098,0.002464268,-0.017535732,95687.09639,0.956870964
16/08/2019,2888.679932,0.014426125,-0.005573875,97067.49037,0.970674904
19/08/2019,2923.649902,0.012105865,-0.007894135,98242.57632,0.982425763
20/08/2019,2900.51001,-0.007914727,-0.027914727,97465.01311,0.974650131
21/08/2019,2924.429932,0.008246799,-0.011753201,98268.78745,0.982687875
22/08/2019,2922.949951,-0.000506075,-0.020506075,98219.05607,0.982190561
23/08/2019,2847.110107,-0.025946337,-0.045946337,95670.63136,0.956706314
26/08/2019,2878.379883,0.010982988,-0.009017012,96721.38075,0.967213807
27/08/2019,2869.159912,-0.003203181,-0.023203181,96411.56468,0.964115647
28/08/2019,2887.939941,0.00654548,-0.01345452,97042.62466,0.970426247
29/08/2019,2924.580078,0.012687292,-0.007312708,98273.83276,0.982738328
30/08/2019,2926.459961,0.000642787,-0.019357213,98337.00194,0.983370019
03/09/2019,2906.27002,-0.0068991,-0.0268991,97658.56509,0.976585651
04/09/2019,2937.780029,0.010842079,-0.009157921,98717.38696,0.98717387
05/09/2019,2976,0.013009814,-0.006990186,100001.6818,1.000016818
06/09/2019,2978.709961,0.000910605,-0.019089395,100092.7438,1.000927438
09/09/2019,2978.429932,-9.40E-05,-0.02009401,100083.3341,1.000833341
10/09/2019,2979.389893,0.000322304,-0.019677696,100115.5914,1.001155914
11/09/2019,3000.929932,0.007229681,-0.012770319,100839.3952,1.008393952
12/09/2019,3009.570068,0.002879153,-0.017120847,101129.7272,1.011297272
13/09/2019,3007.389893,-0.000724414,-0.020724414,101056.4674,1.010564674
16/09/2019,2997.959961,-0.003135587,-0.023135587,100739.5961,1.007395961
17/09/2019,3005.699951,0.002581752,-0.017418248,100999.6808,1.009996808
18/09/2019,3006.72998,0.000342692,-0.019657308,101034.2926,1.010342926
19/09/2019,3006.790039,2.00E-05,-0.019980025,101036.3107,1.010363107
20/09/2019,2992.070068,-0.004895577,-0.024895577,100541.6797,1.005416797
23/09/2019,2991.780029,-9.69E-05,-0.020096936,100531.9336,1.005319336
24/09/2019,2966.600098,-0.008416371,-0.028416371,99685.81955,0.996858195
25/09/2019,2984.870117,0.006158572,-0.013841428,100299.7418,1.002997418
26/09/2019,2977.620117,-0.002428916,-0.022428916,100056.1221,1.000561221
27/09/2019,2961.790039,-0.005316352,-0.025316352,99524.1885,0.995241885
30/09/2019,2976.73999,0.005047607,-0.014952393,100026.5475,1.000265475
01/10/2019,2940.25,-0.012258373,-0.032258373,98800.3847,0.988003847
02/10/2019,2887.610107,-0.017903203,-0.037903203,97031.54134,0.970315413
03/10/2019,2910.629883,0.007971913,-0.012028087,97805.06833,0.978050683
04/10/2019,2952.01001,0.014216898,-0.005783102,99195.55297,0.99195553
07/10/2019,2938.790039,-0.004478295,-0.024478295,98751.32604,0.98751326
08/10/2019,2893.060059,-0.015560819,-0.035560819,97214.67453,0.972146745
09/10/2019,2919.399902,0.009104492,-0.010895508,98099.76478,0.980997648
10/10/2019,2938.129883,0.006415696,-0.013584304,98729.14301,0.98729143
11/10/2019,2970.27002,0.010938978,-0.009061022,99809.13889,0.998091389
14/10/2019,2966.149902,-0.001387119,-0.021387119,99670.69174,0.996706917
15/10/2019,2995.679932,0.009955677,-0.010044323,100662.9809,1.006629809
16/10/2019,2989.689941,-0.001999543,-0.021999543,100461.701,1.00461701
17/10/2019,2997.949951,0.002762832,-0.017237168,100739.2597,1.007392597
18/10/2019,2986.199951,-0.003919345,-0.023919345,100344.4278,1.003444278
21/10/2019,3006.719971,0.006871616,-0.013128384,101033.9562,1.010339562
22/10/2019,2995.98999,-0.003568667,-0.023568667,100673.3997,1.006733997
23/10/2019,3004.52002,0.002847149,-0.017152851,100960.0319,1.009600319
24/10/2019,3010.290039,0.001920446,-0.018079554,101153.9202,1.011539202
25/10/2019,3022.550049,0.004072701,-0.015927299,101565.8898,1.015658898
28/10/2019,3039.419922,0.005581338,-0.014418662,102132.7634,1.021327634
29/10/2019,3036.889893,-0.000832405,-0.020832405,102047.7475,1.020477475
30/10/2019,3046.77002,0.00325337,-0.01674663,102379.7466,1.023797466
31/10/2019,3037.560059,-0.003022861,-0.023022861,102070.2669,1.020702669
01/11/2019,3066.909912,0.009662312,-0.010337688,103056.5017,1.030565017
04/11/2019,3078.27002,0.003704089,-0.016295911,103438.2322,1.034382322
05/11/2019,3074.620117,-0.001185699,-0.021185699,103315.5855,1.033155855
06/11/2019,3076.780029,0.000702497,-0.019297503,103388.1644,1.033881644
07/11/2019,3085.179932,0.002730095,-0.017269905,103670.424,1.03670424
08/11/2019,3093.080078,0.002560676,-0.017439324,103935.8904,1.039358904
11/11/2019,3087.01001,-0.001962467,-0.021962467,103731.9196,1.037319196
12/11/2019,3091.840088,0.001564646,-0.018435354,103894.2233,1.038942233
13/11/2019,3094.040039,0.000711535,-0.019288465,103968.1476,1.039681476
14/11/2019,3096.629883,0.000837043,-0.019162957,104055.1734,1.040551734
15/11/2019,3120.459961,0.007695488,-0.012304512,104855.9288,1.048559288
18/11/2019,3122.030029,0.000503153,-0.019496847,104908.6873,1.049086873
19/11/2019,3120.179932,-0.000592594,-0.020592594,104846.519,1.04846519
20/11/2019,3108.459961,-0.003756184,-0.023756184,104452.6962,1.044526962
21/11/2019,3103.540039,-0.001582752,-0.021582752,104287.3734,1.042873734
22/11/2019,3110.290039,0.002174936,-0.017825064,104514.1918,1.045141918
25/11/2019,3133.639893,0.007507292,-0.012492708,105298.8103,1.052988103
26/11/2019,3140.52002,0.00219557,-0.01780443,105530.0012,1.055300012
29/11/2019,3140.97998,0.00014646,-0.01985354,105545.4571,1.055454571
02/12/2019,3113.870117,-0.008631021,-0.028631021,104634.4921,1.046344921
03/12/2019,3093.199951,-0.006638095,-0.026638095,103939.9184,1.039399184
04/12/2019,3112.76001,0.006323568,-0.013676432,104597.1895,1.045971895
05/12/2019,3117.429932,0.001500251,-0.018499749,104754.1116,1.047541116
06/12/2019,3145.909912,0.009135724,-0.010864276,105711.1162,1.057111162
09/12/2019,3135.959961,-0.003162821,-0.023162821,105376.7709,1.053767709
10/12/2019,3132.52002,-0.001096934,-0.021096934,105261.1795,1.052611795
11/12/2019,3141.629883,0.002908158,-0.017091842,105567.2956,1.055672956
12/12/2019,3168.570068,0.008575226,-0.011424774,106472.559,1.06472559
13/12/2019,3168.800049,7.26E-05,-0.019927418,106480.287,1.06480287
16/12/2019,3191.449951,0.007147785,-0.012852215,107241.3852,1.072413852
17/12/2019,3192.52002,0.000335292,-0.019664708,107277.3424,1.072773424
18/12/2019,3191.139893,-0.0004323,-0.0204323,107230.9664,1.072309664
19/12/2019,3205.370117,0.004459292,-0.015540708,107709.1406,1.077091406
20/12/2019,3221.219971,0.004944781,-0.015055219,108241.7387,1.082417387
23/12/2019,3224.01001,0.000866144,-0.019133856,108335.4916,1.083354916
24/12/2019,3223.379883,-0.000195448,-0.020195448,108314.3176,1.083143176
26/12/2019,3239.909912,0.005128167,-0.014871833,108869.7715,1.088697715
27/12/2019,3240.02002,3.40E-05,-0.019966015,108873.4714,1.088734714
30/12/2019,3221.290039,-0.005780823,-0.025780823,108244.0932,1.082440932
31/12/2019,3230.780029,0.002946022,-0.017053978,108562.9827,1.085629827
02/01/2020,3257.850098,0.008378803,-0.011621197,109472.6105,1.094726105
03/01/2020,3234.850098,-0.007059871,-0.027059871,108699.748,1.08699748
06/01/2020,3246.280029,0.003533373,-0.016466627,109083.8247,1.090838247
07/01/2020,3237.179932,-0.002803238,-0.022803238,108778.0368,1.087780368
08/01/2020,3253.050049,0.004902451,-0.015097549,109311.3158,1.093113158
09/01/2020,3274.699951,0.006655262,-0.013344738,110038.8113,1.100388113
10/01/2020,3265.350098,-0.002855179,-0.022855179,109724.6308,1.097246308
13/01/2020,3288.129883,0.006976215,-0.013023785,110490.0935,1.104900935
14/01/2020,3283.149902,-0.001514533,-0.021514533,110322.7526,1.103227526
15/01/2020,3289.290039,0.001870197,-0.018129803,110529.0779,1.105290779
16/01/2020,3316.810059,0.008366553,-0.011633447,111453.8253,1.114538253
17/01/2020,3329.620117,0.003862162,-0.016137838,111884.278,1.11884278
21/01/2020,3320.790039,-0.002651978,-0.022651978,111587.5634,1.115875634
22/01/2020,3321.75,0.000289076,-0.019710924,111619.8207,1.116198207
23/01/2020,3325.540039,0.001140977,-0.018859023,111747.1763,1.117471763
24/01/2020,3295.469971,-0.009042161,-0.029042161,110736.7404,1.107367404
27/01/2020,3243.629883,-0.015730712,-0.035730712,108994.7726,1.089947726
28/01/2020,3276.23999,0.010053584,-0.009946416,110090.5608,1.100905608
29/01/2020,3273.399902,-0.000866874,-0.020866874,109995.1261,1.099951261
30/01/2020,3283.659912,0.003134359,-0.016865641,110339.8903,1.103398903
31/01/2020,3225.52002,-0.01770582,-0.03770582,108386.2321,1.083862321
03/02/2020,3248.919922,0.007254614,-0.012745386,109172.5323,1.091725323
04/02/2020,3297.590088,0.014980414,-0.005019586,110807.9821,1.108079821
05/02/2020,3334.689941,0.011250596,-0.008749404,112054.6379,1.120546379
06/02/2020,3345.780029,0.003325673,-0.016674327,112427.295,1.12427295
07/02/2020,3327.709961,-0.005400854,-0.025400854,111820.0916,1.118200916
10/02/2020,3352.090088,0.007326398,-0.012673602,112639.3301,1.126393301
11/02/2020,3357.75,0.001688473,-0.018311527,112829.5185,1.128295185
12/02/2020,3379.449951,0.006462646,-0.013537354,113558.6958,1.135586958
13/02/2020,3373.939941,-0.001630446,-0.021630446,113373.5445,1.133735445
14/02/2020,3380.159912,0.001843533,-0.018156467,113582.5524,1.135825524
18/02/2020,3370.290039,-0.002919943,-0.022919943,113250.8978,1.132508978
19/02/2020,3386.149902,0.004705786,-0.015294214,113783.8323,1.137838323
20/02/2020,3373.22998,-0.00381552,-0.02381552,113349.6878,1.133496878
21/02/2020,3337.75,-0.010518103,-0.030518103,112157.4642,1.121574642
24/02/2020,3225.889893,-0.033513627,-0.053513627,108398.6608,1.083986608
25/02/2020,3128.209961,-0.030279996,-0.050279996,105116.3498,1.051163498
26/02/2020,3116.389893,-0.00377854,-0.02377854,104719.1634,1.047191634
27/02/2020,2978.76001,-0.044163243,-0.064163243,100094.4256,1.000944256
28/02/2020,2954.219971,-0.00823834,-0.02823834,99269.81366,0.992698137
02/03/2020,3090.22998,0.046039229,0.026039229,103840.1193,1.038401193
03/03/2020,3003.370117,-0.028107896,-0.048107896,100921.392,1.00921392
04/03/2020,3130.120117,0.042202591,0.022202591,105180.5363,1.051805363
05/03/2020,3023.939941,-0.033922077,-0.053922077,101612.594,1.01612594
06/03/2020,2972.370117,-0.017053852,-0.037053852,99879.70786,0.998797079
09/03/2020,2746.560059,-0.075969697,-0.095969697,92291.87669,0.922918767
10/03/2020,2882.22998,0.049396306,0.029396306,96850.75446,0.968507545
11/03/2020,2741.379883,-0.048868445,-0.068868445,92117.8087,0.921178087
12/03/2020,2480.639893,-0.095112681,-0.115112681,83356.23696,0.83356237
13/03/2020,2711.02002,0.09287125,0.07287125,91097.63486,0.910976349
16/03/2020,2386.129883,-0.119840552,-0.139840552,80180.44397,0.80180444
17/03/2020,2529.189941,0.059954849,0.039954849,84987.65042,0.849876504
18/03/2020,2398.100098,-0.051830762,-0.071830762,80582.6757,0.805826757
19/03/2020,2409.389893,0.004707808,-0.015292192,80962.04347,0.809620435
20/03/2020,2304.919922,-0.043359512,-0.063359512,77451.56874,0.774515687
23/03/2020,2237.399902,-0.029293868,-0.049293868,75182.71271,0.751827127
24/03/2020,2447.330078,0.09382774,0.07382774,82236.93672,0.822369367
25/03/2020,2475.560059,0.011535012,-0.008464988,83185.54074,0.831855407
26/03/2020,2630.070068,0.062414163,0.042414163,88377.49664,0.883774966
27/03/2020,2541.469971,-0.033687352,-0.053687352,85400.29278,0.854002928
30/03/2020,2626.649902,0.033516009,0.013516009,88262.56978,0.882625698
31/03/2020,2584.590088,-0.016012722,-0.036012722,86849.24581,0.868492458
01/04/2020,2470.5,-0.04414243,-0.06414243,83015.50902,0.83015509
02/04/2020,2526.899902,0.022829347,0.002829347,84910.69889,0.849106989
03/04/2020,2488.649902,-0.015137125,-0.035137125,83625.39502,0.83625395
06/04/2020,2663.679932,0.070331319,0.050331319,89506.87934,0.895068793
07/04/2020,2659.409912,-0.001603053,-0.021603053,89363.39508,0.893633951
08/04/2020,2749.97998,0.034056453,0.014056453,92406.79532,0.924067953
09/04/2020,2789.820068,0.01448741,-0.00551259,93745.53047,0.937455305
13/04/2020,2761.629883,-0.010104661,-0.030104661,92798.2637,0.927982637
14/04/2020,2846.060059,0.030572589,0.010572589,95635.34689,0.956353469
15/04/2020,2783.360107,-0.022030439,-0.042030439,93528.45823,0.935284582
16/04/2020,2799.550049,0.00581669,-0.01418331,94072.48425,0.940724843
17/04/2020,2874.560059,0.026793595,0.006793595,96593.02429,0.965930243
20/04/2020,2823.159912,-0.017881048,-0.037881048,94865.83976,0.948658398
21/04/2020,2736.560059,-0.030674796,-0.050674796,91955.84953,0.919558495
22/04/2020,2799.310059,0.022930248,0.002930248,94064.41994,0.940644199
23/04/2020,2797.800049,-0.000539422,-0.020539422,94013.6795,0.940136795
24/04/2020,2836.73999,0.013918057,-0.006081943,95322.16726,0.953221673
27/04/2020,2878.47998,0.01471407,-0.00528593,96724.74428,0.967247443
28/04/2020,2863.389893,-0.00524238,-0.02524238,96217.67638,0.962176764
29/04/2020,2939.51001,0.026583916,0.006583916,98775.51902,0.98775519
30/04/2020,2912.429932,-0.009212446,-0.029212446,97865.55486,0.978655549
01/05/2020,2830.709961,-0.028059034,-0.048059034,95119.54191,0.951195419
04/05/2020,2842.73999,0.004249827,-0.015750173,95523.78356,0.955237836
05/05/2020,2868.439941,0.009040556,-0.010959444,96387.3717,0.963873717
06/05/2020,2848.419922,-0.00697941,-0.02697941,95714.6447,0.957146447
07/05/2020,2881.189941,0.011504631,-0.008495369,96815.80633,0.968158063
08/05/2020,2929.800049,0.016871539,-0.003128461,98449.23797,0.98449238
11/05/2020,2930.189941,0.000133078,-0.019866922,98462.3394,0.984623394
12/05/2020,2870.120117,-0.020500317,-0.040500317,96443.83018,0.964438302
13/05/2020,2820,-0.017462725,-0.037462725,94759.65814,0.947596581
14/05/2020,2852.5,0.011524823,-0.008475177,95851.7464,0.958517464
15/05/2020,2863.699951,0.003926363,-0.016073637,96228.09517,0.962280952
18/05/2020,2953.909912,0.031501192,0.011501192,99259.39484,0.992593948
19/05/2020,2922.939941,-0.010484399,-0.030484399,98218.71971,0.982187197
20/05/2020,2971.610107,0.0166511,-0.0033489,99854.16946,0.998541695
21/05/2020,2948.51001,-0.007773596,-0.027773596,99077.94347,0.990779435
22/05/2020,2955.449951,0.002353711,-0.017646289,99311.14433,0.993111443
26/05/2020,2991.77002,0.012289184,-0.007710816,100531.5973,1.005315973
27/05/2020,3036.129883,0.014827297,-0.005172703,102022.2091,1.020222091
28/05/2020,3029.72998,-0.002107915,-0.022107915,101807.155,1.01807155
29/05/2020,3044.310059,0.004812336,-0.015187664,102297.0853,1.022970853
01/06/2020,3055.72998,0.003751235,-0.016248765,102680.8256,1.026808256
02/06/2020,3080.820068,0.008210833,-0.011789167,103523.9207,1.035239207
03/06/2020,3122.870117,0.013648979,-0.006351021,104936.9166,1.049369166
04/06/2020,3112.350098,-0.003368702,-0.023368702,104583.4154,1.045834154
05/06/2020,3193.929932,0.026211651,0.006211651,107324.7193,1.073247193
08/06/2020,3232.389893,0.012041579,-0.007958421,108617.0785,1.086170785
09/06/2020,3207.179932,-0.007799171,-0.027799171,107769.9553,1.077699553
10/06/2020,3190.139893,-0.005313091,-0.025313091,107197.3637,1.071973637
11/06/2020,3002.100098,-0.058944059,-0.078944059,100878.716,1.00878716
12/06/2020,3041.310059,0.013060844,-0.006939156,102196.2771,1.021962771
15/06/2020,3066.590088,0.008312217,-0.011687783,103045.7548,1.030457548
16/06/2020,3124.73999,0.018962398,-0.001037602,104999.7494,1.049997494
17/06/2020,3113.48999,-0.0036003,-0.0236003,104621.7188,1.046217188
18/06/2020,3115.340088,0.00059422,-0.01940578,104683.8871,1.046838871
19/06/2020,3097.73999,-0.005649495,-0.025649495,104092.476,1.04092476
22/06/2020,3117.860107,0.006495095,-0.013504905,104768.5666,1.047685666
23/06/2020,3131.290039,0.00430742,-0.01569258,105219.8488,1.052198488
24/06/2020,3050.330078,-0.025855146,-0.045855146,102499.3743,1.024993743
25/06/2020,3083.76001,0.010959447,-0.009040553,103622.7108,1.036227108
26/06/2020,3009.050049,-0.024226905,-0.044226905,101112.2532,1.011122532
29/06/2020,3053.23999,0.014685678,-0.005314322,102597.1552,1.025971552
30/06/2020,3100.290039,0.015409876,-0.004590124,104178.1646,1.041781646
01/07/2020,3115.860107,0.005022133,-0.014977867,104701.3612,1.047013612
02/07/2020,3130.01001,0.004541251,-0.015458749,105176.8364,1.051768364
06/07/2020,3179.719971,0.015881726,-0.004118274,106847.226,1.06847226
07/07/2020,3145.320068,-0.010818532,-0.030818532,105691.2959,1.056912959
08/07/2020,3169.939941,0.007827462,-0.012172538,106518.5905,1.065185905
09/07/2020,3152.050049,-0.005643606,-0.025643606,105917.4415,1.059174415
10/07/2020,3185.040039,0.010466201,-0.009533799,107025.9948,1.070259948
13/07/2020,3155.219971,-0.009362541,-0.029362541,106023.9595,1.060239595
14/07/2020,3197.52002,0.013406371,-0.006593629,107445.356,1.07445356
15/07/2020,3226.560059,0.009082051,-0.010917949,108421.1802,1.084211802
16/07/2020,3215.570068,-0.003406101,-0.023406101,108051.8867,1.080518867
17/07/2020,3224.72998,0.002848612,-0.017151388,108359.6846,1.083596846
20/07/2020,3251.840088,0.008406939,-0.011593061,109270.6578,1.092706578
21/07/2020,3257.300049,0.001679037,-0.018320963,109454.1273,1.094541273
22/07/2020,3276.02002,0.005747082,-0.014252918,110083.1692,1.100831692
23/07/2020,3235.659912,-0.01231986,-0.03231986,108726.96,1.0872696
24/07/2020,3215.629883,-0.0061904,-0.0261904,108053.8966,1.080538966
27/07/2020,3239.409912,0.007395139,-0.012604861,108852.9702,1.088529702
28/07/2020,3218.439941,-0.006473392,-0.026473392,108148.3222,1.081483222
29/07/2020,3258.439941,0.012428382,-0.007571618,109492.4308,1.094924308
30/07/2020,3246.219971,-0.003750252,-0.023750252,109081.8066,1.090818066
31/07/2020,3271.120117,0.007670505,-0.012329495,109918.5192,1.099185192
03/08/2020,3294.610107,0.007181023,-0.012818977,110707.8466,1.107078466
04/08/2020,3306.51001,0.003611931,-0.016388069,111107.7157,1.111077157
05/08/2020,3327.77002,0.006429743,-0.013570257,111822.1097,1.118221097
06/08/2020,3349.159912,0.006427695,-0.013572305,112540.8682,1.125408682
07/08/2020,3351.280029,0.000633029,-0.019366971,112612.1099,1.126121099
10/08/2020,3360.469971,0.002742218,-0.017257782,112920.9169,1.129209169
11/08/2020,3333.689941,-0.007969132,-0.027969132,112021.0352,1.120210352
12/08/2020,3380.350098,0.01399655,-0.00600345,113588.9431,1.135889431
13/08/2020,3373.429932,-0.002047174,-0.022047174,113356.4068,1.133564068
14/08/2020,3372.850098,-0.000171883,-0.020171883,113336.9228,1.133369228
17/08/2020,3381.98999,0.002709842,-0.017290158,113644.048,1.13644048
18/08/2020,3389.780029,0.002303389,-0.017696611,113905.8144,1.139058144
19/08/2020,3374.850098,-0.004404395,-0.024404395,113404.1282,1.134041282
20/08/2020,3385.51001,0.003158633,-0.016841367,113762.3302,1.137623302
21/08/2020,3397.159912,0.003441107,-0.016558893,114153.7985,1.141537985
24/08/2020,3431.280029,0.010043718,-0.009956282,115300.3271,1.153003271
25/08/2020,3443.620117,0.003596351,-0.016403649,115714.9876,1.157149876
26/08/2020,3478.72998,0.010195626,-0.009804374,116894.7744,1.168947744
27/08/2020,3484.550049,0.001673044,-0.018326956,117090.3445,1.170903445
28/08/2020,3508.01001,0.006732565,-0.013267435,117878.6629,1.178786629
31/08/2020,3500.310059,-0.002194963,-0.022194963,117619.9236,1.176199236
01/09/2020,3526.649902,0.007525003,-0.012474997,118505.0139,1.185050139
02/09/2020,3580.840088,0.01536591,-0.00463409,120325.9513,1.203259513
03/09/2020,3455.060059,-0.035125844,-0.055125844,116099.4007,1.160994007
04/09/2020,3426.959961,-0.008133027,-0.028133027,115155.1611,1.151551611
08/09/2020,3331.840088,-0.027756342,-0.047756342,111958.8751,1.119588751
09/09/2020,3398.959961,0.020144986,0.000144986,114214.2851,1.142142851
10/09/2020,3339.189941,-0.017584797,-0.037584797,112205.8501,1.122058501
11/09/2020,3340.969971,0.000533072,-0.019466928,112265.6639,1.122656639
14/09/2020,3383.540039,0.012741829,-0.007258171,113696.1338,1.136961338
15/09/2020,3401.199951,0.00521936,-0.01478064,114289.5548,1.142895548
16/09/2020,3385.48999,-0.004618947,-0.024618947,113761.6575,1.137616575
17/09/2020,3357.01001,-0.008412366,-0.028412366,112804.6528,1.128046528
18/09/2020,3319.469971,-0.011182582,-0.031182582,111543.2056,1.115432056
21/09/2020,3281.060059,-0.011571098,-0.031571098,110252.5282,1.102525282
22/09/2020,3315.570068,0.010517945,-0.009482055,111412.1582,1.114121582
23/09/2020,3236.919922,-0.023721455,-0.043721455,108769.2997,1.087692997
24/09/2020,3246.590088,0.002987459,-0.017012541,109094.2436,1.090942436
25/09/2020,3298.459961,0.015976724,-0.004023276,110837.2122,1.108372122
28/09/2020,3351.600098,0.01611059,-0.00388941,112622.8651,1.126228651
29/09/2020,3335.469971,-0.004812665,-0.024812665,112080.849,1.12080849
30/09/2020,3363,0.008253718,-0.011746282,113005.9327,1.130059327
01/10/2020,3380.800049,0.005292908,-0.014707092,113604.0627,1.136040627
02/10/2020,3348.419922,-0.009577652,-0.029577652,112516.0025,1.125160025
05/10/2020,3408.600098,0.017972709,-0.002027291,114538.2199,1.145382199
06/10/2020,3360.969971,-0.013973516,-0.033973516,112937.7183,1.129377183
07/10/2020,3419.439941,0.017396755,-0.002603245,114902.468,1.14902468
08/10/2020,3446.830078,0.008010124,-0.011989876,115822.851,1.15822851
09/10/2020,3477.139893,0.008793533,-0.011206467,116841.3431,1.168413431
12/10/2020,3534.219971,0.016415813,-0.003584187,118759.3887,1.187593887
13/10/2020,3511.929932,-0.006306919,-0.026306919,118010.3829,1.180103829
14/10/2020,3488.669922,-0.006623142,-0.026623142,117228.7834,1.172287834
15/10/2020,3483.340088,-0.001527755,-0.021527755,117049.6865,1.170496865
16/10/2020,3483.810059,0.00013492,-0.01986508,117065.4788,1.170654788
19/10/2020,3426.919922,-0.016329862,-0.036329862,115153.8157,1.151538157
20/10/2020,3443.120117,0.004727334,-0.015272666,115698.1862,1.156981862
21/10/2020,3435.560059,-0.0021957,-0.0221957,115444.1478,1.154441478
22/10/2020,3453.48999,0.005218925,-0.014781075,116046.6421,1.160466421
23/10/2020,3465.389893,0.003445762,-0.016554238,116446.5112,1.164465112
26/10/2020,3400.969971,-0.018589516,-0.038589516,114281.8269,1.142818269
27/10/2020,3390.679932,-0.003025619,-0.023025619,113936.0536,1.139360536
28/10/2020,3271.030029,-0.035287879,-0.055287879,109915.492,1.09915492
29/10/2020,3310.110107,0.011947331,-0.008052669,111228.6887,1.112286887
30/10/2020,3269.959961,-0.01212955,-0.03212955,109879.5348,1.098795348
02/11/2020,3310.23999,0.012318203,-0.007681797,111233.0531,1.112330531
03/11/2020,3369.159912,0.01779929,-0.00220071,113212.9225,1.132129225
04/11/2020,3443.439941,0.022047048,0.002047048,115708.9332,1.157089332
05/11/2020,3510.449951,0.019460194,-0.000539806,117960.6515,1.179606515
06/11/2020,3509.439941,-0.000287715,-0.020287715,117926.7124,1.179267124
09/11/2020,3550.5,0.011699889,-0.008300111,119306.4419,1.193064419
10/11/2020,3545.530029,-0.001399795,-0.021399795,119139.4374,1.191394374
11/11/2020,3572.659912,0.007651855,-0.012348145,120051.0751,1.200510751
12/11/2020,3537.01001,-0.009978532,-0.029978532,118853.1416,1.188531416
13/11/2020,3585.149902,0.013610335,-0.006389665,120470.7727,1.204707727
16/11/2020,3626.909912,0.011648051,-0.008351949,121874.0225,1.218740225
17/11/2020,3609.530029,-0.004791926,-0.024791926,121290.0112,1.212900112
18/11/2020,3567.790039,-0.01156383,-0.03156383,119887.4342,1.198874342
19/11/2020,3581.870117,0.003946442,-0.016053558,120360.563,1.20360563
20/11/2020,3557.540039,-0.006792563,-0.026792563,119543.0064,1.195430064
23/11/2020,3577.590088,0.005635931,-0.014364069,120216.7424,1.202167424
24/11/2020,3635.409912,0.016161668,-0.003838332,122159.6456,1.221596456
25/11/2020,3629.649902,-0.001584418,-0.021584418,121966.0936,1.219660936
27/11/2020,3638.350098,0.002396979,-0.017603021,122258.4438,1.222584438
30/11/2020,3621.629883,-0.004595549,-0.024595549,121696.5992,1.216965992
01/12/2020,3662.449951,0.011271187,-0.008728813,123068.2643,1.230682643
02/12/2020,3669.01001,0.001791167,-0.018208833,123288.7001,1.232887001
03/12/2020,3666.719971,-0.000624157,-0.020624157,123211.7486,1.232117486
04/12/2020,3699.120117,0.008836275,-0.011163725,124300.4815,1.243004815
07/12/2020,3691.959961,-0.001935638,-0.021935638,124059.8808,1.240598808
08/12/2020,3702.25,0.002787148,-0.017212852,124405.654,1.24405654
09/12/2020,3672.820068,-0.007949202,-0.027949202,123416.7284,1.234167284
10/12/2020,3668.100098,-0.001285108,-0.021285108,123258.1246,1.232581246
11/12/2020,3663.459961,-0.001264997,-0.021264997,123102.2034,1.231022034
14/12/2020,3647.48999,-0.004359259,-0.024359259,122565.569,1.22565569
15/12/2020,3694.620117,0.012921249,-0.007078751,124149.2692,1.241492692
16/12/2020,3701.169922,0.001772795,-0.018227205,124369.3605,1.243693605
17/12/2020,3722.47998,0.005757655,-0.014242345,125085.4363,1.250854363
18/12/2020,3709.409912,-0.003511118,-0.023511118,124646.2465,1.246462465
21/12/2020,3694.919922,-0.003906279,-0.023906279,124159.3435,1.241593435
22/12/2020,3687.26001,-0.002073093,-0.022073093,123901.9497,1.239019497
23/12/2020,3690.01001,0.000745811,-0.019254189,123994.3571,1.239943571
24/12/2020,3703.060059,0.003536589,-0.016463411,124432.8742,1.244328742
28/12/2020,3735.360107,0.008722529,-0.011277471,125518.2435,1.255182435
29/12/2020,3727.040039,-0.00222738,-0.02222738,125238.6667,1.252386667
30/12/2020,3732.040039,0.001341547,-0.018658453,125406.6802,1.254066802
31/12/2020,3756.070068,0.006438845,-0.013561155,126214.1545,1.262141545
04/01/2021,3700.649902,-0.014754828,-0.034754828,124351.8864,1.243518864
05/01/2021,3726.860107,0.007082595,-0.012917405,125232.6205,1.252326205
06/01/2021,3748.139893,0.005709843,-0.014290157,125947.6791,1.259476791
07/01/2021,3803.790039,0.014847404,-0.005152596,127817.6751,1.278176751
08/01/2021,3824.679932,0.005491863,-0.014508137,128519.6322,1.285196322
11/01/2021,3799.610107,-0.006554751,-0.026554751,127677.218,1.27677218
12/01/2021,3801.189941,0.000415788,-0.019584212,127730.3047,1.277303047
13/01/2021,3809.840088,0.002275642,-0.017724358,128020.9732,1.280209732
14/01/2021,3795.540039,-0.003753451,-0.023753451,127540.4527,1.275404527
15/01/2021,3768.25,-0.007190028,-0.027190028,126623.4333,1.266234333
19/01/2021,3798.909912,0.008136379,-0.011863621,127653.6896,1.276536896
20/01/2021,3851.850098,0.013935626,-0.006064374,129432.6236,1.294326236
21/01/2021,3853.070068,0.000316723,-0.019683277,129473.6179,1.294736179
22/01/2021,3841.469971,-0.003010611,-0.023010611,129083.8231,1.290838231
25/01/2021,3855.360107,0.003615839,-0.016384161,129550.5694,1.295505694
26/01/2021,3849.620117,-0.001488834,-0.021488834,129357.6902,1.293576902
27/01/2021,3750.77002,-0.025677884,-0.045677884,126036.0585,1.260360585
01/02/2021,3773.860107,0.006156092,-0.013843908,126811.9481,1.268119481
02/02/2021,3826.310059,0.013898224,-0.006101776,128574.4089,1.285744089
03/02/2021,3830.169922,0.001008769,-0.018991231,128704.1108,1.287041108
04/02/2021,3871.73999,0.010853322,-0.009146678,130100.978,1.30100978
05/02/2021,3886.830078,0.003897495,-0.016102505,130608.0459,1.306080459
08/02/2021,3915.590088,0.007399348,-0.012600652,131574.4603,1.315744603
09/02/2021,3911.22998,-0.001113525,-0.021113525,131427.9489,1.314279489
10/02/2021,3909.879883,-0.000345185,-0.020345185,131382.5819,1.313825819
11/02/2021,3916.379883,0.001662455,-0.018337545,131600.9996,1.316009996
12/02/2021,3934.830078,0.004711033,-0.015288967,132220.9763,1.322209763
16/02/2021,3932.590088,-0.000569272,-0.020569272,132145.7065,1.321457065
17/02/2021,3931.330078,-0.000320402,-0.020320402,132103.3667,1.321033667
18/02/2021,3913.969971,-0.004415836,-0.024415836,131520.02,1.3152002
19/02/2021,3906.709961,-0.001854897,-0.021854897,131276.064,1.31276064
22/02/2021,3876.5,-0.007732839,-0.027732839,130260.9272,1.302609272
23/02/2021,3881.370117,0.001256318,-0.018743682,130424.5764,1.304245764
24/02/2021,3925.429932,0.011351614,-0.008648386,131905.1058,1.319051058
01/03/2021,3901.820068,-0.006014593,-0.026014593,131111.7503,1.311117503
02/03/2021,3870.290039,-0.008080852,-0.028080852,130052.2557,1.300522557
03/03/2021,3819.719971,-0.013066222,-0.033066222,128352.9641,1.283529641
04/03/2021,3768.469971,-0.013417214,-0.033417214,126630.8249,1.266308249
05/03/2021,3841.939941,0.019495968,-0.000504032,129099.6154,1.290996154
08/03/2021,3821.350098,-0.005359231,-0.025359231,128407.7408,1.284077408
09/03/2021,3875.439941,0.014154642,-0.005845358,130225.3064,1.302253064
10/03/2021,3898.810059,0.006030314,-0.013969686,131010.6058,1.310106058
11/03/2021,3939.340088,0.010395487,-0.009604513,132372.5248,1.323725248
12/03/2021,3943.340088,0.001015398,-0.018984602,132506.9357,1.325069357
15/03/2021,3968.939941,0.006491921,-0.013508079,133367.1603,1.333671603
16/03/2021,3962.709961,-0.001569684,-0.021569684,133157.816,1.33157816
17/03/2021,3974.120117,0.002879382,-0.017120618,133541.2283,1.335412283
18/03/2021,3915.459961,-0.014760539,-0.034760539,131570.0877,1.315700877
19/03/2021,3913.100098,-0.000602704,-0.020602704,131490.7899,1.314907899
22/03/2021,3940.590088,0.007025118,-0.012974882,132414.5282,1.324145282
23/03/2021,3910.52002,-0.007630854,-0.027630854,131404.0923,1.314040923
24/03/2021,3889.139893,-0.005467336,-0.025467336,130685.662,1.30685662
25/03/2021,3909.52002,0.005240266,-0.014759734,131370.4896,1.313704896
26/03/2021,3974.540039,0.016631202,-0.003368798,133555.3388,1.335553388
29/03/2021,3971.090088,-0.000868013,-0.020868013,133439.4111,1.334394111
01/04/2021,4019.870117,0.012283788,-0.007716212,135078.5525,1.350785525
05/04/2021,4077.909912,0.014438226,-0.005561774,137028.8472,1.370288472
06/04/2021,4073.939941,-0.000973531,-0.020973531,136895.4454,1.368954454
07/04/2021,4079.949951,0.001475233,-0.018524767,137097.3981,1.370973981
08/04/2021,4097.169922,0.004220633,-0.015779367,137676.0359,1.376760359
09/04/2021,4128.799805,0.007719934,-0.012280066,138738.8858,1.387388858
12/04/2021,4127.990234,-0.000196079,-0.020196079,138711.6821,1.387116821
13/04/2021,4141.589844,0.003294487,-0.016705513,139168.6659,1.391686659
14/04/2021,4124.660156,-0.004087727,-0.024087727,138599.7824,1.385997824
15/04/2021,4170.419922,0.011094191,-0.008905809,140137.4348,1.401374348
16/04/2021,4185.470215,0.00360882,-0.01639118,140643.1655,1.406431655
19/04/2021,4163.259766,-0.00530656,-0.02530656,139896.8341,1.398968341
20/04/2021,4134.939941,-0.00680232,-0.02680232,138945.2111,1.389452111
21/04/2021,4173.419922,0.009306056,-0.010693944,140238.2429,1.402382429
22/04/2021,4134.97998,-0.009210658,-0.029210658,138946.5565,1.389465565
23/04/2021,4180.169922,0.010928697,-0.009071303,140465.0613,1.404650613
26/04/2021,4187.620117,0.001782271,-0.018217729,140715.4081,1.407154081
27/04/2021,4186.720215,-0.000214896,-0.020214896,140685.1689,1.406851689
28/04/2021,4183.180176,-0.00084554,-0.02084554,140566.214,1.40566214
03/05/2021,4192.660156,0.002266214,-0.017733786,140884.7671,1.408847671
04/05/2021,4164.660156,-0.006678338,-0.026678338,139943.891,1.39943891
05/05/2021,4167.589844,0.000703464,-0.019296536,140042.3365,1.400423365
06/05/2021,4201.620117,0.008165456,-0.011834544,141185.8461,1.411858461
07/05/2021,4232.600098,0.007373342,-0.012626658,142226.8576,1.422268576
10/05/2021,4188.430176,-0.010435647,-0.030435647,140742.6282,1.407426282
11/05/2021,4152.100098,-0.008673913,-0.028673913,139521.839,1.39521839
12/05/2021,4063.040039,-0.021449401,-0.041449401,136529.1791,1.365291791
13/05/2021,4112.5,0.012173141,-0.007826859,138191.1681,1.381911681
14/05/2021,4173.850098,0.014917957,-0.005082043,140252.698,1.40252698
17/05/2021,4163.290039,-0.002530052,-0.022530052,139897.8514,1.398978514
18/05/2021,4127.830078,-0.008517293,-0.028517293,138706.3004,1.387063004
19/05/2021,4115.680176,-0.002943411,-0.022943411,138298.0307,1.382980307
20/05/2021,4159.120117,0.010554742,-0.009445258,139757.7307,1.397577307
21/05/2021,4155.859863,-0.000783881,-0.020783881,139648.1773,1.396481773
24/05/2021,4197.049805,0.009911292,-0.010088708,141032.2712,1.410322712
25/05/2021,4188.129883,-0.002125284,-0.022125284,140732.5376,1.407325376
26/05/2021,4195.990234,0.001876816,-0.018123184,140996.6667,1.409966667
01/06/2021,4202.040039,0.001441806,-0.018558194,141199.9566,1.411999566
02/06/2021,4208.120117,0.001446935,-0.018553065,141404.2637,1.414042637
03/06/2021,4192.850098,-0.003628703,-0.023628703,140891.1496,1.408911496
04/06/2021,4229.890137,0.008834096,-0.011165904,142135.7955,1.421357955
07/06/2021,4226.52002,-0.000796739,-0.020796739,142022.5504,1.420225504
08/06/2021,4227.259766,0.000175025,-0.019824975,142047.4079,1.420474079
09/06/2021,4219.549805,-0.001823867,-0.021823867,141788.3323,1.417883323
10/06/2021,4239.180176,0.004652243,-0.015347757,142447.9661,1.424479661
11/06/2021,4247.439941,0.001948435,-0.018051565,142725.5166,1.427255166
14/06/2021,4255.149902,0.001815202,-0.018184798,142984.5922,1.429845922
15/06/2021,4246.589844,-0.002011694,-0.022011694,142696.951,1.42696951
16/06/2021,4223.700195,-0.005390125,-0.025390125,141927.7967,1.419277967
17/06/2021,4221.859863,-0.000435716,-0.020435716,141865.9565,1.418659565
18/06/2021,4166.450195,-0.013124469,-0.033124469,140004.0412,1.400040412
21/06/2021,4224.790039,0.01400229,-0.00599771,141964.4184,1.419644184
22/06/2021,4246.439941,0.005124492,-0.014875508,142691.9139,1.426919139
23/06/2021,4241.839844,-0.001083283,-0.021083283,142537.3381,1.425373381
24/06/2021,4266.490234,0.00581125,-0.01418875,143365.6582,1.433656582
25/06/2021,4280.700195,0.003330597,-0.016669403,143843.1514,1.438431514
28/06/2021,4290.609863,0.002314964,-0.017685036,144176.1432,1.441761432
29/06/2021,4291.799805,0.000277336,-0.019722664,144216.1285,1.442161285
30/06/2021,4297.5,0.00132816,-0.01867184,144407.6705,1.444076705
01/07/2021,4319.939941,0.005221627,-0.014778373,145161.7135,1.451617135
02/07/2021,4352.339844,0.007500082,-0.012499918,146250.4382,1.462504382
06/07/2021,4343.540039,-0.002021856,-0.022021856,145954.7409,1.459547409
07/07/2021,4358.129883,0.003358975,-0.016641025,146444.9992,1.464449992
08/07/2021,4320.819824,-0.008561025,-0.028561025,145191.2799,1.451912799
09/07/2021,4369.549805,0.011277948,-0.008722052,146828.7396,1.468287396
12/07/2021,4384.629883,0.003451174,-0.016548826,147335.4712,1.473354712
13/07/2021,4369.209961,-0.003516813,-0.023516813,146817.3199,1.468173199
14/07/2021,4374.299805,0.001164935,-0.018835065,146988.3525,1.469883525
15/07/2021,4360.029785,-0.003262241,-0.023262241,146508.8411,1.465088411
16/07/2021,4327.160156,-0.007538854,-0.027538854,145404.3323,1.454043323
19/07/2021,4258.490234,-0.015869512,-0.035869512,143096.8364,1.430968364
20/07/2021,4323.060059,0.01516261,-0.00483739,145266.5579,1.452665579
21/07/2021,4358.689941,0.00824182,-0.01175818,146463.8187,1.464638187
22/07/2021,4367.47998,0.00201667,-0.01798333,146759.1879,1.467591879
23/07/2021,4411.790039,0.010145452,-0.009854548,148248.1262,1.482481262
26/07/2021,4422.299805,0.0023822,-0.0176178,148601.2829,1.486012829
27/07/2021,4401.459961,-0.004712445,-0.024712445,147901.0075,1.479010075
28/07/2021,4400.640137,-0.000186262,-0.020186262,147873.4592,1.478734592
29/07/2021,4419.149902,0.004206153,-0.015793847,148495.4376,1.484954376
30/07/2021,4395.259766,-0.005406048,-0.025406048,147692.6641,1.476926641
02/08/2021,4387.160156,-0.001842806,-0.021842806,147420.4952,1.474204952
03/08/2021,4423.149902,0.008203427,-0.011796573,148629.8484,1.486298484
04/08/2021,4402.660156,-0.004632388,-0.024632388,147941.3373,1.479413373
05/08/2021,4429.100098,0.006005447,-0.013994553,148829.7912,1.488297912
06/08/2021,4436.52002,0.001675266,-0.018324734,149079.1207,1.490791207
09/08/2021,4432.350098,-0.000939908,-0.020939908,148939,1.48939
10/08/2021,4436.75,0.000992679,-0.019007321,149086.8487,1.490868487
11/08/2021,4442.410156,0.001275744,-0.018724256,149277.0453,1.492770453
12/08/2021,4460.830078,0.00414638,-0.01585362,149896.0047,1.498960047
13/08/2021,4468,0.001607307,-0.018392693,150136.9335,1.501369335
16/08/2021,4479.709961,0.002620851,-0.017379149,150530.42,1.5053042
17/08/2021,4448.080078,-0.007060699,-0.027060699,149467.5701,1.494675701
18/08/2021,4400.27002,-0.010748471,-0.030748471,147861.0223,1.478610223
19/08/2021,4405.799805,0.001256692,-0.018743308,148046.8381,1.480468381
20/08/2021,4441.669922,0.008141568,-0.011858432,149252.1714,1.492521714
23/08/2021,4479.529785,0.00852379,-0.01147621,150524.3656,1.505243656
24/08/2021,4486.22998,0.001495736,-0.018504264,150749.5104,1.507495104
25/08/2021,4496.189941,0.002220118,-0.017779882,151084.1921,1.510841921
26/08/2021,4470,-0.005824919,-0.025824919,150204.139,1.50204139
27/08/2021,4509.370117,0.008807632,-0.011192368,151527.0818,1.515270818
30/08/2021,4528.790039,0.004306571,-0.015693429,152179.6439,1.521796439
31/08/2021,4522.680176,-0.001349116,-0.021349116,151974.3359,1.519743359
01/09/2021,4524.089844,0.000311689,-0.019688311,152021.7046,1.520217046
02/09/2021,4536.950195,0.002842638,-0.017157362,152453.8473,1.524538473
03/09/2021,4535.430176,-0.000335031,-0.020335031,152402.7706,1.524027706
07/09/2021,4520.029785,-0.003395574,-0.023395574,151885.2756,1.518852756
08/09/2021,4514.069824,-0.001318567,-0.021318567,151685.0047,1.516850047
09/09/2021,4493.279785,-0.004605609,-0.024605609,150986.403,1.50986403
10/09/2021,4458.580078,-0.007722579,-0.027722579,149820.3986,1.498203986
13/09/2021,4468.72998,0.002276488,-0.017723512,150161.4628,1.501614628
14/09/2021,4443.049805,-0.005746638,-0.025746638,149298.5392,1.492985392
15/09/2021,4480.700195,0.008473997,-0.011526003,150563.6946,1.505636946
16/09/2021,4473.75,-0.00155114,-0.02155114,150330.1492,1.503301492
17/09/2021,4432.990234,-0.009110873,-0.029110873,148960.5103,1.489605103
20/09/2021,4357.72998,-0.016977311,-0.036977311,146431.5614,1.464315614
21/09/2021,4354.189941,-0.000812359,-0.020812359,146312.6065,1.463126065
22/09/2021,4395.640137,0.009519611,-0.010480389,147705.4456,1.477054456
23/09/2021,4448.97998,0.012134716,-0.007865284,149497.8092,1.494978092
24/09/2021,4455.47998,0.001461009,-0.018538991,149716.2269,1.497162269
27/09/2021,4443.109863,-0.002776383,-0.022776383,149300.5573,1.493005573
28/09/2021,4352.629883,-0.02036411,-0.04036411,146260.1843,1.462601843
29/09/2021,4359.459961,0.001569184,-0.018430816,146489.6935,1.464896935
30/09/2021,4307.540039,-0.011909714,-0.031909714,144745.0431,1.447450431
01/10/2021,4357.040039,0.011491478,-0.008508522,146408.3775,1.464083775
04/10/2021,4300.459961,-0.012985898,-0.032985898,144507.1332,1.445071332
05/10/2021,4345.720215,0.010524515,-0.009475485,146028.0007,1.460280007
06/10/2021,4363.549805,0.004102793,-0.015897207,146627.1233,1.466271233
07/10/2021,4399.759766,0.008298281,-0.011701719,147843.8764,1.478438764
08/10/2021,4391.339844,-0.001913723,-0.021913723,147560.9441,1.475609441
11/10/2021,4361.189941,-0.006865764,-0.026865764,146547.8255,1.465478255
12/10/2021,4350.649902,-0.002416781,-0.022416781,146193.6516,1.461936516
13/10/2021,4363.799805,0.003022515,-0.016977485,146635.524,1.46635524
14/10/2021,4438.259766,0.017063102,-0.002936898,149137.5809,1.491375809
15/10/2021,4471.370117,0.00746021,-0.01253979,150250.1786,1.502501786
18/10/2021,4486.459961,0.00337477,-0.01662523,150757.2384,1.507572384
19/10/2021,4519.629883,0.00739334,-0.01260666,151871.8378,1.518718378
20/10/2021,4536.189941,0.00366403,-0.01633597,152428.3007,1.524283007
21/10/2021,4549.779785,0.002995872,-0.017004128,152884.9564,1.528849564
22/10/2021,4544.899902,-0.001072554,-0.021072554,152720.9791,1.527209791
25/10/2021,4566.47998,0.004748197,-0.015251803,153446.1283,1.534461283
26/10/2021,4574.790039,0.001819795,-0.018180205,153725.3689,1.537253689
27/10/2021,4551.680176,-0.005051568,-0.025051568,152948.8147,1.529488147
28/10/2021,4596.419922,0.009829282,-0.010170718,154452.1917,1.544521917
29/10/2021,4605.379883,0.001949335,-0.018050665,154753.2707,1.547532707
01/11/2021,4613.669922,0.001800077,-0.018199923,155031.8385,1.550318385
02/11/2021,4630.649902,0.003680363,-0.016319637,155602.4119,1.556024119
03/11/2021,4660.569824,0.006461279,-0.013538721,156607.8026,1.566078026
04/11/2021,4680.060059,0.004181942,-0.015818058,157262.7274,1.572627274
05/11/2021,4697.529785,0.0037328,-0.0162672,157849.7576,1.578497576
08/11/2021,4701.700195,0.000887788,-0.019112212,157989.8947,1.579898947
09/11/2021,4685.25,-0.003498776,-0.023498776,157437.1235,1.574371235
10/11/2021,4646.709961,-0.008225823,-0.028225823,156142.0735,1.561420735
11/11/2021,4649.27002,0.00055094,-0.01944906,156228.0985,1.562280985
12/11/2021,4682.850098,0.007222656,-0.012777344,157356.4803,1.573564803
15/11/2021,4682.799805,-1.07E-05,-0.02001074,157354.7903,1.573547903
16/11/2021,4700.899902,0.00386523,-0.01613477,157963.0027,1.579630027
17/11/2021,4688.669922,-0.002601625,-0.022601625,157552.0422,1.575520422
18/11/2021,4704.540039,0.00338478,-0.01661522,158085.3212,1.580853212
19/11/2021,4697.959961,-0.001398666,-0.021398666,157864.2127,1.578642127
22/11/2021,4682.939941,-0.003197137,-0.023197137,157359.4993,1.573594993
23/11/2021,4690.700195,0.001657133,-0.018342867,157620.2649,1.576202649
24/11/2021,4701.459961,0.002293851,-0.017706149,157981.8222,1.579818222
26/11/2021,4594.620117,-0.022724823,-0.042724823,154391.7133,1.543917133
29/11/2021,4655.27002,0.0132002,-0.0067998,156429.7148,1.564297148
30/11/2021,4567,-0.01896131,-0.03896131,153463.6024,1.534636024
01/12/2021,4513.040039,-0.011815187,-0.031815187,151650.4012,1.516504012
02/12/2021,4577.100098,0.014194436,-0.005805564,153802.9931,1.538029931
03/12/2021,4538.430176,-0.008448564,-0.028448564,152503.5787,1.525035787
06/12/2021,4591.669922,0.011730873,-0.008269127,154292.5788,1.542925788
07/12/2021,4686.75,0.02070708,0.00070708,157487.5276,1.574875276
08/12/2021,4701.209961,0.003085285,-0.016914715,157973.4215,1.579734215
09/12/2021,4667.450195,-0.00718108,-0.02718108,156839.0017,1.568390017
10/12/2021,4712.02002,0.009549074,-0.010450926,158336.6689,1.583366689
13/12/2021,4668.970215,-0.009136168,-0.029136168,156890.0785,1.568900785
14/12/2021,4634.089844,-0.007470678,-0.027470678,155718.0033,1.557180033
15/12/2021,4709.850098,0.016348465,-0.003651535,158263.7536,1.582637536
16/12/2021,4668.669922,-0.008743415,-0.028743415,156879.9879,1.568799879
17/12/2021,4620.640137,-0.010287681,-0.030287681,155266.0567,1.552660567
20/12/2021,4568.02002,-0.011388058,-0.031388058,153497.8778,1.534978778
21/12/2021,4649.22998,0.017777934,-0.002222066,156226.753,1.56226753
22/12/2021,4696.560059,0.010180197,-0.009819803,157817.1722,1.578171722
23/12/2021,4725.790039,0.0062237,-0.0137763,158799.3789,1.587993789
27/12/2021,4791.189941,0.013838935,-0.006161065,160996.9932,1.609969932
28/12/2021,4786.350098,-0.001010155,-0.021010155,160834.3614,1.608343614
29/12/2021,4793.060059,0.001401895,-0.018598105,161059.8343,1.610598343
30/12/2021,4778.72998,-0.002989756,-0.022989756,160578.3047,1.605783047
31/12/2021,4766.180176,-0.00262618,-0.02262618,160156.5972,1.601565972
03/01/2022,4796.560059,0.006374053,-0.013625947,161177.4438,1.611774438
04/01/2022,4793.540039,-0.000629622,-0.020629622,161075.9629,1.610759629
05/01/2022,4700.580078,-0.019392758,-0.039392758,157952.2558,1.579522558
06/01/2022,4696.049805,-0.000963769,-0.020963769,157800.0263,1.578000263
07/01/2022,4677.029785,-0.004050217,-0.024050217,157160.902,1.57160902
10/01/2022,4670.290039,-0.001441031,-0.021441031,156934.4282,1.569344282
11/01/2022,4713.069824,0.009159985,-0.010840015,158371.9451,1.583719451
12/01/2022,4726.350098,0.002817755,-0.017182245,158818.1984,1.588181984
13/01/2022,4659.029785,-0.014243615,-0.034243615,156556.0531,1.565560531
14/01/2022,4662.850098,0.00081998,-0.01918002,156684.426,1.56684426
18/01/2022,4577.109863,-0.018387946,-0.038387946,153803.3212,1.538033212
19/01/2022,4532.759766,-0.009689542,-0.029689542,152313.0375,1.523130375
20/01/2022,4482.72998,-0.011037379,-0.031037379,150631.9009,1.506319009
21/01/2022,4397.939941,-0.018914822,-0.038914822,147782.7253,1.477827253
24/01/2022,4410.129883,0.002771739,-0.017228261,148192.3404,1.481923404
25/01/2022,4356.450195,-0.012171906,-0.032171906,146388.5572,1.463885572
26/01/2022,4349.930176,-0.001496636,-0.021496636,146169.4668,1.461694668
27/01/2022,4326.509766,-0.005384089,-0.025384089,145382.4774,1.453824774
28/01/2022,4431.850098,0.024347647,0.004347647,148922.1987,1.489221987
31/01/2022,4515.549805,0.018885952,-0.001114048,151734.7361,1.517347361
01/02/2022,4546.540039,0.006863003,-0.013136997,152776.0921,1.527760921
02/02/2022,4589.379883,0.009422516,-0.010577484,154215.6272,1.542156272
03/02/2022,4477.439941,-0.024391082,-0.044391082,150454.1412,1.504541412
04/02/2022,4500.529785,0.00515693,-0.01484307,151230.0227,1.512300227
07/02/2022,4483.870117,-0.003701713,-0.023701713,150670.2126,1.506702126
08/02/2022,4521.540039,0.008401207,-0.011598793,151936.0242,1.519360242
09/02/2022,4587.180176,0.014517208,-0.005482792,154141.7111,1.541417111
10/02/2022,4504.080078,-0.018115726,-0.038115726,151349.3221,1.513493221
11/02/2022,4418.640137,-0.018969454,-0.038969454,148478.3081,1.484783081
14/02/2022,4401.669922,-0.003840597,-0.023840597,147908.0628,1.479080628
15/02/2022,4471.069824,0.015766721,-0.004233279,150240.088,1.50240088
16/02/2022,4475.009766,0.000881208,-0.019118792,150372.4807,1.503724807
17/02/2022,4380.259766,-0.021173138,-0.041173138,147188.6234,1.471886234
18/02/2022,4348.870117,-0.007166162,-0.027166162,146133.846,1.46133846
22/02/2022,4304.759766,-0.010142945,-0.030142945,144651.6184,1.446516184
23/02/2022,4225.5,-0.018412123,-0.038412123,141988.275,1.41988275
24/02/2022,4288.700195,0.014956856,-0.005043144,144111.9732,1.441119732
25/02/2022,4384.649902,0.022372678,0.002372678,147336.1439,1.473361439
28/02/2022,4373.939941,-0.002442603,-0.022442603,146976.2601,1.469762601
01/03/2022,4306.259766,-0.015473504,-0.035473504,144702.0224,1.447020224
02/03/2022,4386.540039,0.018642692,-0.001357308,147399.6576,1.473996576
03/03/2022,4363.490234,-0.005254667,-0.025254667,146625.1216,1.466251216
04/03/2022,4328.870117,-0.007934043,-0.027934043,145461.7916,1.454617916
07/03/2022,4201.089844,-0.029518158,-0.049518158,141168.0275,1.411680275
08/03/2022,4170.700195,-0.007233754,-0.027233754,140146.8527,1.401468527
09/03/2022,4277.879883,0.025698248,0.005698248,143748.3813,1.437483813
10/03/2022,4259.52002,-0.004291814,-0.024291814,143131.44,1.4313144
11/03/2022,4204.310059,-0.012961545,-0.032961545,141276.2354,1.412762354
14/03/2022,4173.109863,-0.007421003,-0.027421003,140227.8241,1.402278241
15/03/2022,4262.450195,0.021408574,0.001408574,143229.9019,1.432299019
16/03/2022,4357.859863,0.022383761,0.002383761,146435.9258,1.464359258
17/03/2022,4411.669922,0.012347818,-0.007652182,148244.0899,1.482440899
18/03/2022,4463.120117,0.011662295,-0.008337705,149972.9562,1.499729562
21/03/2022,4461.180176,-0.00043466,-0.02043466,149907.7689,1.499077689
22/03/2022,4511.609863,0.011304113,-0.008695887,151602.3434,1.516023434
23/03/2022,4456.240234,-0.012272699,-0.032272699,149741.7735,1.497417735
24/03/2022,4520.160156,0.014343913,-0.005656087,151889.6564,1.518896564
25/03/2022,4543.060059,0.005066171,-0.014933829,152659.1554,1.526591554
28/03/2022,4575.52002,0.007144955,-0.012855045,153749.8982,1.537498982
29/03/2022,4631.600098,0.012256547,-0.007743453,155634.3411,1.556343411
30/03/2022,4602.450195,-0.0062937,-0.0262937,154654.8252,1.546548252
31/03/2022,4530.410156,-0.015652541,-0.035652541,152234.0843,1.522340843
01/04/2022,4545.859863,0.003410223,-0.016589777,152753.2364,1.527532364
04/04/2022,4582.640137,0.008090939,-0.011909061,153989.1535,1.539891535
05/04/2022,4525.120117,-0.012551721,-0.032551721,152056.3246,1.520563246
06/04/2022,4481.149902,-0.009716917,-0.029716917,150578.806,1.50578806
07/04/2022,4500.209961,0.004253386,-0.015746614,151219.2757,1.512192757
08/04/2022,4488.279785,-0.002651027,-0.022651027,150818.3894,1.508183894
11/04/2022,4412.529785,-0.01687729,-0.03687729,148272.9837,1.482729837
12/04/2022,4397.450195,-0.003417448,-0.023417448,147766.2685,1.477662685
13/04/2022,4446.589844,0.011174578,-0.008825422,149417.4942,1.494174942
14/04/2022,4392.589844,-0.012144138,-0.032144138,147602.9475,1.476029475
18/04/2022,4391.689941,-0.000204868,-0.020204868,147572.7083,1.475727083
19/04/2022,4462.209961,0.016057604,-0.003942396,149942.3725,1.499423725
20/04/2022,4459.450195,-0.000618475,-0.020618475,149849.6369,1.498496369
21/04/2022,4393.660156,-0.014752948,-0.034752948,147638.9129,1.476389129
22/04/2022,4271.779785,-0.027740054,-0.047740054,143543.4014,1.435434014
25/04/2022,4296.120117,0.005697937,-0.014302063,144361.3027,1.443613027
26/04/2022,4175.200195,-0.028146308,-0.048146308,140298.0649,1.402980649
27/04/2022,4183.959961,0.002098047,-0.017901953,140592.4169,1.405924169
28/04/2022,4287.5,0.0247469,0.0047469,144071.6434,1.440716434
29/04/2022,4131.930176,-0.036284507,-0.056284507,138844.0748,1.388440748
02/05/2022,4155.379883,0.005675243,-0.014324757,139632.0486,1.396320486
03/05/2022,4175.47998,0.004837126,-0.015162874,140307.4665,1.403074665
04/05/2022,4300.169922,0.029862421,0.009862421,144497.3871,1.444973871
05/05/2022,4146.870117,-0.035649709,-0.055649709,139346.0974,1.393460974
06/05/2022,4123.339844,-0.005674225,-0.025674225,138555.4163,1.385554163
09/05/2022,3991.23999,-0.032037101,-0.052037101,134116.5025,1.341165025
10/05/2022,4001.050049,0.002457898,-0.017542102,134446.1471,1.344461471
11/05/2022,3935.179932,-0.016463207,-0.036463207,132232.7323,1.322327323
12/05/2022,3930.080078,-0.001295965,-0.021295965,132061.3634,1.320613634
13/05/2022,4023.889893,0.023869696,0.003869696,135213.6279,1.352136279
16/05/2022,4008.01001,-0.003946401,-0.023946401,134680.0207,1.346800207
17/05/2022,4088.850098,0.020169632,0.000169632,137396.4672,1.373964672
18/05/2022,3923.679932,-0.040395261,-0.060395261,131846.3011,1.318463011
19/05/2022,3900.790039,-0.005833782,-0.025833782,131077.1385,1.310771385
20/05/2022,3901.360107,0.000146142,-0.019853858,131096.2943,1.310962943
23/05/2022,3973.75,0.01855504,-0.00144496,133528.7913,1.335287913
24/05/2022,3941.47998,-0.008120798,-0.028120798,132444.431,1.32444431
25/05/2022,3978.72998,0.009450765,-0.010549235,133696.1322,1.336961322
26/05/2022,4057.840088,0.019883256,-0.000116744,136354.4466,1.363544466
27/05/2022,4158.240234,0.024742263,0.004742263,139728.1642,1.397281642
31/05/2022,4132.149902,-0.006274369,-0.026274369,138851.4582,1.388514582
01/06/2022,4101.22998,-0.007482769,-0.027482769,137812.4648,1.378124648
02/06/2022,4176.819824,0.018431018,-0.001568982,140352.4889,1.403524889
03/06/2022,4108.540039,-0.016347314,-0.036347314,138058.1027,1.380581027
06/06/2022,4121.430176,0.003137401,-0.016862599,138491.2463,1.384912463
07/06/2022,4160.680176,0.009523393,-0.010476607,139810.1529,1.398101529
08/06/2022,4115.77002,-0.010793946,-0.030793946,138301.0497,1.383010497
09/06/2022,4017.820068,-0.023798694,-0.043798694,135009.6653,1.350096653
10/06/2022,3900.860107,-0.029110303,-0.049110303,131079.493,1.31079493
13/06/2022,3749.629883,-0.038768431,-0.058768431,125997.7468,1.259977468
14/06/2022,3735.47998,-0.00377368,-0.02377368,125522.2716,1.255222716
15/06/2022,3789.98999,0.014592505,-0.005407495,127353.956,1.27353956
16/06/2022,3666.77002,-0.032511951,-0.052511951,123213.4303,1.232134303
17/06/2022,3674.840088,0.002200866,-0.017799134,123484.6065,1.234846065
21/06/2022,3764.790039,0.024477242,0.004477242,126507.1692,1.265071692
22/06/2022,3759.889893,-0.001301572,-0.021301572,126342.511,1.26342511
23/06/2022,3795.72998,0.009532217,-0.010467783,127546.8352,1.275468352
24/06/2022,3911.73999,0.030563294,0.010563294,131445.0866,1.314450866
27/06/2022,3900.110107,-0.002973072,-0.022973072,131054.2909,1.310542909
28/06/2022,3821.550049,-0.020143036,-0.040143036,128414.4596,1.284144596
29/06/2022,3818.830078,-0.000711745,-0.020711745,128323.0612,1.283230612
30/06/2022,3785.379883,-0.008759278,-0.028759278,127199.0438,1.271990438
01/07/2022,3825.330078,0.010553814,-0.009446186,128541.4789,1.285414789
05/07/2022,3831.389893,0.001584129,-0.018415871,128745.1051,1.287451051
06/07/2022,3845.080078,0.003573164,-0.016426836,129205.1325,1.292051325
07/07/2022,3902.620117,0.014964588,-0.005035412,131138.6341,1.311386341
08/07/2022,3899.379883,-0.000830271,-0.020830271,131029.7534,1.310297534
11/07/2022,3854.429932,-0.011527461,-0.031527461,129519.313,1.29519313
12/07/2022,3818.800049,-0.009243879,-0.029243879,128322.0522,1.283220522
13/07/2022,3801.780029,-0.004456903,-0.024456903,127750.1333,1.277501333
14/07/2022,3790.379883,-0.002998634,-0.022998634,127367.0574,1.273670574
15/07/2022,3863.159912,0.019201249,-0.000798751,129812.664,1.29812664
18/07/2022,3830.850098,-0.008363571,-0.028363571,128726.9666,1.287269666
19/07/2022,3936.689941,0.027628291,0.007628291,132283.4727,1.322834727
20/07/2022,3959.899902,0.005895806,-0.014104194,133063.3904,1.330633904
21/07/2022,3998.949951,0.009861373,-0.010138627,134375.5781,1.343755781
22/07/2022,3961.629883,-0.009332467,-0.029332467,133121.5225,1.331215225
25/07/2022,3966.840088,0.001315167,-0.018684833,133296.5995,1.332965995
26/07/2022,3921.050049,-0.011543203,-0.031543203,131757.9299,1.317579299
27/07/2022,4023.610107,0.026156274,0.006156274,135204.2263,1.352042263
28/07/2022,4072.429932,0.012133339,-0.007866661,136844.705,1.36844705
29/07/2022,4130.290039,0.01420776,-0.00579224,138788.9617,1.387889617
01/08/2022,4118.629883,-0.002823084,-0.022823084,138397.1488,1.383971488
02/08/2022,4091.189941,-0.006662396,-0.026662396,137475.0923,1.374750923
03/08/2022,4155.169922,0.015638477,-0.004361523,139624.9934,1.396249934
04/08/2022,4151.939941,-0.00077734,-0.02077734,139516.4572,1.395164572
05/08/2022,4145.189941,-0.001625746,-0.021625746,139289.6389,1.392896389
08/08/2022,4140.060059,-0.001237551,-0.021237551,139117.2609,1.391172609
09/08/2022,4122.470215,-0.004248693,-0.024248693,138526.1944,1.385261944
10/08/2022,4210.240234,0.021290638,0.001290638,141475.5054,1.414755054
11/08/2022,4207.27002,-0.000705474,-0.020705474,141375.6982,1.413756982
12/08/2022,4280.149902,0.017322369,-0.002677631,143824.6601,1.438246601
15/08/2022,4297.140137,0.003969542,-0.016030458,144395.5781,1.443955781
16/08/2022,4305.200195,0.00187568,-0.01812432,144666.418,1.44666418
17/08/2022,4274.040039,-0.007237795,-0.027237795,143619.3521,1.436193521
18/08/2022,4283.740234,0.002269561,-0.017730439,143945.305,1.43945305
19/08/2022,4228.47998,-0.012900001,-0.032900001,142088.4104,1.420884104
22/08/2022,4137.990234,-0.021400065,-0.041400065,139047.7092,1.390477092
23/08/2022,4128.72998,-0.002237863,-0.022237863,138736.5395,1.387365395
24/08/2022,4140.77002,0.002916161,-0.017083839,139141.1176,1.391411176
25/08/2022,4199.120117,0.014091605,-0.005908395,141101.8393,1.411018393
26/08/2022,4057.659912,-0.033688059,-0.053688059,136348.3922,1.363483922
29/08/2022,4030.610107,-0.006666356,-0.026666356,135439.4453,1.354394453
30/08/2022,3986.159912,-0.011028155,-0.031028155,133945.7981,1.339457981
31/08/2022,3955,-0.007817025,-0.027817025,132898.7404,1.328987404
01/09/2022,3966.850098,0.002996232,-0.017003768,133296.9359,1.332969359
02/09/2022,3924.26001,-0.0107365,-0.0307365,131865.7933,1.318657933
06/09/2022,3908.189941,-0.004095057,-0.024095057,131325.7953,1.313257953
07/09/2022,3979.870117,0.018341016,-0.001658984,133734.4439,1.337344439
08/09/2022,4006.179932,0.006610722,-0.013389278,134618.5251,1.346185251
09/09/2022,4067.360107,0.01527145,-0.00472855,136674.3451,1.366743451
12/09/2022,4110.410156,0.010584273,-0.009415727,138120.9437,1.381209437
13/09/2022,3932.689941,-0.043236613,-0.063236613,132149.0618,1.321490618
14/09/2022,3946.01001,0.003387012,-0.016612988,132596.6523,1.325966523
15/09/2022,3901.350098,-0.011317739,-0.031317739,131095.958,1.31095958
16/09/2022,3873.330078,-0.007182134,-0.027182134,130154.4092,1.301544092
19/09/2022,3899.889893,0.006857101,-0.013142899,131046.8912,1.310468912
20/09/2022,3855.929932,-0.011272103,-0.031272103,129569.7171,1.295697171
21/09/2022,3789.929932,-0.017116494,-0.037116494,127351.9378,1.273519378
22/09/2022,3757.98999,-0.008427581,-0.028427581,126278.6691,1.262786691
23/09/2022,3693.22998,-0.017232619,-0.037232619,124102.5569,1.241025569
26/09/2022,3655.040039,-0.010340526,-0.030340526,122819.2711,1.228192711
27/09/2022,3647.290039,-0.00212036,-0.02212036,122558.8501,1.225588501
28/09/2022,3719.040039,0.01967214,-0.00032786,124969.8449,1.249698449
29/09/2022,3640.469971,-0.021126438,-0.041126438,122329.6773,1.223296773
30/09/2022,3585.620117,-0.015066696,-0.035066696,120486.5732,1.204865732
03/10/2022,3678.429932,0.025883895,0.005883895,123605.2351,1.236052351
04/10/2022,3790.929932,0.030583701,0.010583701,127385.5406,1.273855406
05/10/2022,3783.280029,-0.002017949,-0.022017949,127128.483,1.27128483
06/10/2022,3744.52002,-0.010245081,-0.030245081,125826.0415,1.258260415
07/10/2022,3639.659912,-0.028003618,-0.048003618,122302.4571,1.223024571
10/10/2022,3612.389893,-0.007492463,-0.027492463,121386.1104,1.213861104
11/10/2022,3588.840088,-0.006519176,-0.026519176,120594.773,1.20594773
12/10/2022,3577.030029,-0.003290773,-0.023290773,120197.9229,1.201979229
13/10/2022,3669.909912,0.025965643,0.005965643,123318.9392,1.233189392
14/10/2022,3583.070068,-0.023662664,-0.043662664,120400.8847,1.204008847
17/10/2022,3677.949951,0.026480052,0.006480052,123589.1064,1.235891064
18/10/2022,3719.97998,0.01142757,-0.00857243,125001.4295,1.250014295
19/10/2022,3695.159912,-0.006672097,-0.026672097,124167.4078,1.241674078
20/10/2022,3665.780029,-0.00795091,-0.02795091,123180.164,1.23180164
21/10/2022,3752.75,0.02372482,0.00372482,126102.5912,1.261025912
24/10/2022,3797.340088,0.011881977,-0.008118023,127600.9392,1.276009392
25/10/2022,3859.110107,0.016266654,-0.003733346,129676.5796,1.296765796
26/10/2022,3830.600098,-0.007387716,-0.027387716,128718.5659,1.287185659
27/10/2022,3807.300049,-0.006082611,-0.026082611,127935.621,1.27935621
28/10/2022,3901.060059,0.024626378,0.004626378,131086.2119,1.310862119
31/10/2022,3871.97998,-0.007454404,-0.027454404,130109.0423,1.301090423
01/11/2022,3856.100098,-0.00410123,-0.02410123,129575.4351,1.295754351
02/11/2022,3759.689941,-0.025001985,-0.045001985,126335.792,1.26335792
03/11/2022,3719.889893,-0.010585992,-0.030585992,124998.4023,1.249984023
04/11/2022,3770.550049,0.013618725,-0.006381275,126700.7212,1.267007212
07/11/2022,3806.800049,0.009613982,-0.010386018,127918.8196,1.279188196
08/11/2022,3828.110107,0.005597893,-0.014402107,128634.8954,1.286348954
09/11/2022,3748.570068,-0.020777887,-0.040777887,125962.1341,1.259621341
10/11/2022,3956.370117,0.055434484,0.035434484,132944.7801,1.329447801
11/11/2022,3992.929932,0.009240747,-0.010759253,134173.2891,1.341732891
14/11/2022,3957.25,-0.008935777,-0.028935777,132974.3465,1.329743465
15/11/2022,3991.72998,0.008713116,-0.011286884,134132.9675,1.341329675
16/11/2022,3958.790039,-0.008252046,-0.028252046,133026.096,1.33026096
17/11/2022,3946.560059,-0.003089323,-0.023089323,132615.1355,1.326151355
18/11/2022,3965.340088,0.004758582,-0.015241418,133246.1954,1.332461954
21/11/2022,3949.939941,-0.003883689,-0.023883689,132728.7087,1.327287087
22/11/2022,4003.580078,0.013579988,-0.006420012,134531.163,1.34531163
23/11/2022,4027.26001,0.005914689,-0.014085311,135326.873,1.35326873
25/11/2022,4026.120117,-0.000283044,-0.020283044,135288.5695,1.352885695
28/11/2022,3963.939941,-0.015444193,-0.035444193,133199.1467,1.331991467
29/11/2022,3957.629883,-0.001591865,-0.021591865,132987.1116,1.329871116
30/11/2022,4080.110107,0.030947872,0.010947872,137102.7798,1.371027798
01/12/2022,4076.570068,-0.000867633,-0.020867633,136983.8248,1.369838248
02/12/2022,4071.699951,-0.00119466,-0.02119466,136820.1757,1.368201757
05/12/2022,3998.840088,-0.017894212,-0.037894212,134371.8864,1.343718864
06/12/2022,3941.26001,-0.014399195,-0.034399195,132437.0394,1.324370394
07/12/2022,3933.919922,-0.001862371,-0.021862371,132190.3925,1.321903925
08/12/2022,3963.51001,0.007521782,-0.012478218,133184.6999,1.331846999
09/12/2022,3934.379883,-0.007349578,-0.027349578,132205.8485,1.322058485
12/12/2022,3990.560059,0.014279296,-0.005720704,134093.655,1.34093655
13/12/2022,4019.649902,0.007289664,-0.012710336,135071.1527,1.350711527
14/12/2022,3995.320068,-0.006052725,-0.026052725,134253.6042,1.342536042
15/12/2022,3895.75,-0.024921675,-0.044921675,130907.7795,1.309077795
16/12/2022,3852.360107,-0.011137751,-0.031137751,129449.7613,1.294497613
19/12/2022,3817.659912,-0.009007516,-0.029007516,128283.7405,1.282837405
20/12/2022,3821.620117,0.001037338,-0.018962662,128416.8141,1.284168141
21/12/2022,3878.439941,0.014867994,-0.005132006,130326.1145,1.303261145
22/12/2022,3822.389893,-0.014451699,-0.034451699,128442.6807,1.284426807
23/12/2022,3844.820068,0.005868102,-0.014131898,129196.3955,1.291963955
27/12/2022,3829.25,-0.004049622,-0.024049622,128673.1989,1.286731989
28/12/2022,3783.219971,-0.012020638,-0.032020638,127126.4649,1.271264649
29/12/2022,3849.280029,0.017461331,-0.002538669,129346.2623,1.293462623
30/12/2022,3839.5,-0.002540742,-0.022540742,129017.6267,1.290176267
03/01/2023,3824.139893,-0.004000549,-0.024000549,128501.4854,1.285014854
04/01/2023,3852.969971,0.007538971,-0.012461029,129470.2544,1.294702544
05/01/2023,3808.100098,-0.011645529,-0.031645529,127962.5048,1.279625048
06/01/2023,3895.080078,0.022840781,0.002840781,130885.2683,1.308852683
09/01/2023,3892.090088,-0.000767632,-0.020767632,130784.7965,1.307847965
10/01/2023,3919.25,0.006978233,-0.013021767,131697.4433,1.316974433
11/01/2023,3969.610107,0.012849425,-0.007150575,133389.6797,1.333896797
12/01/2023,3983.169922,0.003415906,-0.016584094,133845.3263,1.338453263
13/01/2023,3999.090088,0.003996858,-0.016003142,134380.2871,1.343802871
17/01/2023,3990.969971,-0.002030491,-0.022030491,134107.4291,1.341074291
18/01/2023,3928.860107,-0.015562599,-0.035562599,132020.369,1.32020369
19/01/2023,3898.850098,-0.00763835,-0.02763835,131011.9512,1.310119512
20/01/2023,3972.610107,0.018918401,-0.001081599,133490.4878,1.334904878
23/01/2023,4019.810059,0.011881345,-0.008118655,135076.5344,1.350765344
24/01/2023,4016.949951,-0.000711503,-0.020711503,134980.427,1.34980427
25/01/2023,4016.219971,-0.000181725,-0.020181725,134955.8977,1.349558977
26/01/2023,4060.429932,0.011007853,-0.008992147,136441.4724,1.364414724
27/01/2023,4070.560059,0.002494841,-0.017505159,136781.8722,1.367818722
30/01/2023,4017.77002,-0.012968741,-0.032968741,135007.9835,1.350079835
31/01/2023,4076.600098,0.01464247,-0.00535753,136984.8339,1.369848339
01/02/2023,4119.209961,0.010452304,-0.009547696,138416.641,1.38416641
02/02/2023,4179.759766,0.014699373,-0.005300627,140451.2789,1.404512789
03/02/2023,4136.47998,-0.010354611,-0.030354611,138996.9606,1.389969606
06/02/2023,4111.080078,-0.006140463,-0.026140463,138143.4549,1.381434549
07/02/2023,4164,0.012872511,-0.007127489,139921.708,1.39921708
08/02/2023,4117.859863,-0.011080725,-0.031080725,138371.2741,1.383712741
09/02/2023,4081.5,-0.008829796,-0.028829796,137149.4839,1.371494839
10/02/2023,4090.459961,0.002195262,-0.017804738,137450.563,1.37450563
13/02/2023,4137.290039,0.011448609,-0.008551391,139024.1808,1.390241808
14/02/2023,4136.129883,-0.000280414,-0.020280414,138985.1964,1.389851964
15/02/2023,4147.600098,0.002773176,-0.017226824,139370.6267,1.393706267
16/02/2023,4090.409912,-0.013788742,-0.033788742,137448.8812,1.374488812
17/02/2023,4079.090088,-0.002767406,-0.022767406,137068.5043,1.370685043
21/02/2023,3997.340088,-0.020041234,-0.040041234,134321.4823,1.343214823
22/02/2023,3991.050049,-0.001573556,-0.021573556,134110.12,1.3411012
23/02/2023,4012.320068,0.005329429,-0.014670571,134824.8504,1.348248504
24/02/2023,3970.040039,-0.010537551,-0.030537551,133404.1266,1.334041266
27/02/2023,3982.23999,0.003073005,-0.016926995,133814.078,1.33814078
28/02/2023,3970.149902,-0.003036002,-0.023036002,133407.8183,1.334078183
01/03/2023,3951.389893,-0.004725265,-0.024725265,132777.431,1.32777431
02/03/2023,3981.350098,0.007582194,-0.012417806,133784.1753,1.337841753
03/03/2023,4045.639893,0.016147737,-0.003852263,135944.487,1.35944487
06/03/2023,4048.419922,0.000687167,-0.019312833,136037.9035,1.360379035
07/03/2023,3986.370117,-0.015326919,-0.035326919,133952.8615,1.339528615
08/03/2023,3992.01001,0.001414794,-0.018585206,134142.3772,1.341423772
09/03/2023,3918.320068,-0.018459358,-0.038459358,131666.1951,1.316661951
10/03/2023,3861.590088,-0.014478138,-0.034478138,129759.9137,1.297599137
13/03/2023,3855.76001,-0.001509761,-0.021509761,129564.0072,1.295640072
14/03/2023,3919.290039,0.016476655,-0.003523345,131698.7887,1.316987887
15/03/2023,3891.929932,-0.006980883,-0.026980883,130779.4148,1.307794148
16/03/2023,3960.280029,0.017562006,-0.002437994,133076.1637,1.330761637
17/03/2023,3916.639893,-0.011019457,-0.031019457,131609.7366,1.316097366
20/03/2023,3951.570068,0.008918404,-0.011081596,132783.4854,1.327834854
21/03/2023,4002.870117,0.012982194,-0.007017806,134507.3063,1.345073063
22/03/2023,3936.969971,-0.016463224,-0.036463224,132292.8825,1.322928825
23/03/2023,3948.719971,0.002984529,-0.017015471,132687.7144,1.326877144
24/03/2023,3970.98999,0.005639807,-0.014360193,133436.0475,1.334360475
27/03/2023,3977.530029,0.001646954,-0.018353046,133655.8106,1.336558106
28/03/2023,3971.27002,-0.001573843,-0.021573843,133445.4573,1.334454573
29/03/2023,4027.810059,0.014237269,-0.005762731,135345.3561,1.353453561
30/03/2023,4050.830078,0.005715269,-0.014284731,136118.8913,1.361188913
31/03/2023,4109.310059,0.014436543,-0.005563457,138083.9774,1.380839774
03/04/2023,4124.509766,0.003698846,-0.016301154,138594.7289,1.385947289
04/04/2023,4100.600098,-0.005796972,-0.025796972,137791.2991,1.377912991
05/04/2023,4090.379883,-0.002492371,-0.022492371,137447.8721,1.374478721
06/04/2023,4105.02002,0.003579163,-0.016420837,137939.8205,1.379398205
10/04/2023,4109.109863,0.000996303,-0.019003697,138077.2503,1.380772503
11/04/2023,4108.939941,-4.14E-05,-0.020041353,138071.5405,1.380715405
12/04/2023,4091.949951,-0.004134884,-0.024134884,137500.6307,1.375006307
13/04/2023,4146.220215,0.01326269,-0.00673731,139324.2589,1.393242589
14/04/2023,4137.640137,-0.002069373,-0.022069373,139035.945,1.39035945
17/04/2023,4151.319824,0.003306157,-0.016693843,139495.6196,1.394956196
18/04/2023,4154.870117,0.00085522,-0.01914478,139614.9191,1.396149191
19/04/2023,4154.52002,-8.43E-05,-0.020084262,139603.1549,1.396031549
20/04/2023,4129.790039,-0.005952548,-0.025952548,138772.1604,1.387721604
21/04/2023,4133.52002,0.000903189,-0.019096811,138897.4979,1.388974979
24/04/2023,4137.040039,0.000851579,-0.019148421,139015.7801,1.390157801
25/04/2023,4071.629883,-0.015810859,-0.035810859,136817.8212,1.368178212
26/04/2023,4055.98999,-0.003841187,-0.023841187,136292.2783,1.362922783
27/04/2023,4135.350098,0.01956615,-0.00043385,138958.9935,1.389589935
28/04/2023,4169.47998,0.008253203,-0.011746797,140105.8502,1.401058502
01/05/2023,4167.870117,-0.000386106,-0.020386106,140051.7544,1.400517544
02/05/2023,4119.580078,-0.011586263,-0.031586263,138429.078,1.38429078
03/05/2023,4090.75,-0.006998305,-0.026998305,137460.3091,1.374603091
04/05/2023,4061.219971,-0.007218732,-0.027218732,136468.0199,1.364680199
05/05/2023,4136.25,0.018474751,-0.001525249,138989.2326,1.389892326
08/05/2023,4138.120117,0.000452129,-0.019547871,139052.0736,1.390520736
09/05/2023,4119.169922,-0.004579421,-0.024579421,138415.2956,1.384152956
10/05/2023,4137.640137,0.004483965,-0.015516035,139035.945,1.39035945
11/05/2023,4130.620117,-0.001696624,-0.021696624,138800.0533,1.388000533
12/05/2023,4124.080078,-0.001583307,-0.021583307,138580.2902,1.385802902
15/05/2023,4136.279785,0.002958164,-0.017041836,138990.2335,1.389902335
16/05/2023,4109.899902,-0.006377683,-0.026377683,138103.7978,1.381037978
17/05/2023,4158.77002,0.011890829,-0.008109171,139745.9664,1.397459664
18/05/2023,4198.049805,0.009445049,-0.010554951,141065.8739,1.410658739
19/05/2023,4191.97998,-0.001445868,-0.021445868,140861.9113,1.408619113
22/05/2023,4192.629883,0.000155035,-0.019844965,140883.7498,1.408837498
23/05/2023,4145.580078,-0.011222027,-0.031222027,139302.7486,1.393027486
24/05/2023,4115.240234,-0.0073186,-0.0273186,138283.2474,1.382832474
25/05/2023,4151.279785,0.008757581,-0.011242419,139494.2742,1.394942742
26/05/2023,4205.450195,0.013049087,-0.006950913,141314.5471,1.413145471
30/05/2023,4205.52002,1.66E-05,-0.019983397,141316.8934,1.413168934
31/05/2023,4179.830078,-0.006108624,-0.026108624,140453.6416,1.404536416
01/06/2023,4221.02002,0.009854454,-0.010145546,141837.7355,1.418377355
02/06/2023,4282.370117,0.014534425,-0.005465575,143899.2654,1.438992654
05/06/2023,4273.790039,-0.002003582,-0.022003582,143610.9514,1.436109514
06/06/2023,4283.850098,0.002353896,-0.017646104,143948.9967,1.439489967
07/06/2023,4267.52002,-0.00381201,-0.02381201,143400.2618,1.434002618
08/06/2023,4293.930176,0.006188643,-0.013811357,144287.7147,1.442877147
09/06/2023,4298.859863,0.001148059,-0.018851941,144453.3656,1.444533656
12/06/2023,4338.930176,0.009321149,-0.010678851,145799.8369,1.457998369
13/06/2023,4369.009766,0.00693249,-0.01306751,146810.5929,1.468105929
14/06/2023,4372.589844,0.000819425,-0.019180575,146930.8932,1.469308932
15/06/2023,4425.839844,0.012178137,-0.007821863,148720.2378,1.487202378
16/06/2023,4409.589844,-0.00367162,-0.02367162,148174.1937,1.481741937
20/06/2023,4388.709961,-0.004735108,-0.024735108,147472.5729,1.474725729
21/06/2023,4365.689941,-0.005245282,-0.025245282,146699.0377,1.466990377
22/06/2023,4381.890137,0.003710799,-0.016289201,147243.4083,1.472434083
23/06/2023,4348.330078,-0.007658809,-0.027658809,146115.6992,1.461156992
26/06/2023,4328.819824,-0.004486838,-0.024486838,145460.1017,1.454601017
27/06/2023,4378.410156,0.011455855,-0.008544145,147126.4715,1.471264715
28/06/2023,4376.859863,-0.000354077,-0.020354077,147074.3774,1.470743774
29/06/2023,4396.439941,0.004473545,-0.015526455,147732.3212,1.477323212
30/06/2023,4450.379883,0.012269005,-0.007730995,149544.8498,1.495448498
03/07/2023,4455.589844,0.001170678,-0.018829322,149719.9186,1.497199186
05/07/2023,4446.819824,-0.001968319,-0.021968319,149425.2221,1.494252221
06/07/2023,4411.589844,-0.007922511,-0.027922511,148241.3991,1.482413991
